model,label,policy,legal,science,causal,code,finance,tools,intent,overall_domain_equal,radial_representative
english,Laya English,43.75,38.88888888888889,50.442477876106196,54.861111111111114,41.40625,74.21875,32.8125,42.025324675324676,47.30066281892886,False
multilingual,Laya Multilingual,26.041666666666668,34.02777777777778,44.24778761061947,52.083333333333336,34.375,64.0625,22.65625,48.69155844155845,40.773234228744464,False
llama31_8b_instruct,Llama-3.1-8B,30.902777777777775,30.555555555555557,53.687315634218294,46.52777777777778,30.46875,61.71875,35.9375,55.66363636363636,43.18275788862072,True
qwen3_8b,Qwen3-8B,46.875,45.13888888888889,68.14159292035397,52.77777777777778,38.28125,79.6875,44.53125,58.297402597402595,54.2163327730529,False
jev-1.13.0,Jev 1.13.0 API,84.72222222222221,77.08333333333334,85.84070796460178,77.08333333333334,66.40625,89.84375,75.0,85.03376623376624,80.12667038590712,True
kev_08b,Kev-0.8B,66.31944444444444,48.61111111111111,49.557522123893804,51.388888888888886,30.46875,71.875,35.15625,74.79025974025974,53.52090328857475,False
kev_4b,Kev-4B,88.54166666666666,65.97222222222221,80.8259587020649,60.416666666666664,42.96875,89.0625,68.75,82.19285714285715,72.3413276750597,False
kev_9b,Kev-9B,89.93055555555557,70.13888888888889,80.53097345132744,58.333333333333336,46.09375,92.96875,61.71875,83.00779220779219,72.84034917961218,True
nanojev,NanoJev,28.125,31.944444444444443,37.16814159292036,49.30555555555556,39.84375,30.46875,28.125,3.8941558441558444,31.109349679634523,False
qwen35_9b,Qwen3.5-9B,84.02777777777779,75.69444444444444,83.48082595870207,55.55555555555556,37.5,83.59375,58.59375,76.98441558441557,69.42881491511193,True
kev_27b,Kev-27B v2,100.0,80.55555555555556,84.070796460177,72.91666666666666,71.875,92.1875,64.0625,86.60194805194806,81.5337458417934,True
qwen35_08b,Qwen3.5-0.8B,34.027777777777786,30.555555555555557,40.707964601769916,45.83333333333333,32.03125,59.375,26.5625,4.676623376623377,34.22125058063249,False
qwen35_4b,Qwen3.5-4B,63.888888888888886,59.72222222222222,66.3716814159292,56.94444444444444,37.5,73.4375,46.875,72.30649350649351,59.630778809747284,False
qwen38_27b,Qwen3.8-27B,85.06944444444446,77.77777777777779,84.070796460177,59.02777777777778,54.6875,88.28125,69.53125,82.81948051948052,75.15815962245719,True
llama32_1b_public,Llama-3.2-1B-Instruct (Unsloth BF16 distribution),29.86111111111111,31.25,35.39823008849557,50.0,31.25,49.21875,21.875,1.361038961038961,31.276766270080707,False
llama32_3b_public,Llama-3.2-3B-Instruct (Unsloth BF16 distribution),33.33333333333333,32.63888888888889,43.95280235988201,50.0,35.15625,62.5,27.34375,22.553896103896104,38.43486508575004,False
qwen3_17b,Qwen3-1.7B,30.208333333333332,36.80555555555556,52.8023598820059,47.91666666666667,27.34375,44.53125,34.375,17.021428571428572,36.37554300112376,False
