metric,rank,model,label,interface,score_pct,correct,n,ci95_low_pct,ci95_high_pct
refund,1,jev-1.13.0,Jev 1.13.0 API,decision_interface,100.000000,96,96,,
refund,1,kev_9b,Kev-9B,decision_interface,100.000000,96,96,,
refund,1,kev_27b,Kev-27B v2,decision_interface,100.000000,96,96,,
refund,4,kev_4b,Kev-4B,decision_interface,87.500000,84,96,,
refund,5,qwen38_27b,Qwen3.8-27B,direct_llm,77.083333,74,96,,
refund,6,qwen35_9b,Qwen3.5-9B,direct_llm,72.916667,70,96,,
refund,7,kev_08b,Kev-0.8B,decision_interface,56.250000,54,96,,
refund,8,qwen35_4b,Qwen3.5-4B,direct_llm,55.208333,53,96,,
refund,9,llama31_8b_instruct,Llama-3.1-8B,direct_llm,33.333333,32,96,,
refund,10,english,Laya English,decision_interface,25.000000,24,96,,
refund,10,multilingual,Laya Multilingual,decision_interface,25.000000,24,96,,
refund,10,qwen3_8b,Qwen3-8B,direct_llm,25.000000,24,96,,
refund,10,nanojev,NanoJev,decision_interface,25.000000,24,96,,
refund,10,qwen35_08b,Qwen3.5-0.8B,direct_llm,25.000000,24,96,,
access,1,jev-1.13.0,Jev 1.13.0 API,decision_interface,100.000000,96,96,,
access,1,kev_27b,Kev-27B v2,decision_interface,100.000000,96,96,,
access,3,kev_9b,Kev-9B,decision_interface,98.958333,95,96,,
access,4,kev_4b,Kev-4B,decision_interface,96.875000,93,96,,
access,4,qwen38_27b,Qwen3.8-27B,direct_llm,96.875000,93,96,,
access,6,qwen35_9b,Qwen3.5-9B,direct_llm,89.583333,86,96,,
access,7,qwen35_4b,Qwen3.5-4B,direct_llm,79.166667,76,96,,
access,8,qwen3_8b,Qwen3-8B,direct_llm,66.666667,64,96,,
access,8,kev_08b,Kev-0.8B,decision_interface,66.666667,64,96,,
access,10,qwen35_08b,Qwen3.5-0.8B,direct_llm,52.083333,50,96,,
access,11,english,Laya English,decision_interface,34.375000,33,96,,
access,11,llama31_8b_instruct,Llama-3.1-8B,direct_llm,34.375000,33,96,,
access,11,nanojev,NanoJev,decision_interface,34.375000,33,96,,
access,14,multilingual,Laya Multilingual,decision_interface,29.166667,28,96,,
routing,1,kev_27b,Kev-27B v2,decision_interface,100.000000,96,96,,
routing,2,qwen35_9b,Qwen3.5-9B,direct_llm,89.583333,86,96,,
routing,3,kev_4b,Kev-4B,decision_interface,81.250000,78,96,,
routing,3,qwen38_27b,Qwen3.8-27B,direct_llm,81.250000,78,96,,
routing,5,kev_08b,Kev-0.8B,decision_interface,76.041667,73,96,,
routing,6,english,Laya English,decision_interface,71.875000,69,96,,
routing,7,kev_9b,Kev-9B,decision_interface,70.833333,68,96,,
routing,8,qwen35_4b,Qwen3.5-4B,direct_llm,57.291667,55,96,,
routing,9,jev-1.13.0,Jev 1.13.0 API,decision_interface,54.166667,52,96,,
routing,10,qwen3_8b,Qwen3-8B,direct_llm,48.958333,47,96,,
routing,11,llama31_8b_instruct,Llama-3.1-8B,direct_llm,25.000000,24,96,,
routing,11,nanojev,NanoJev,decision_interface,25.000000,24,96,,
routing,11,qwen35_08b,Qwen3.5-0.8B,direct_llm,25.000000,24,96,,
routing,14,multilingual,Laya Multilingual,decision_interface,23.958333,23,96,,
policy_action,1,kev_27b,Kev-27B v2,decision_interface,100.000000,288,288,,
policy_action,2,kev_9b,Kev-9B,decision_interface,89.930556,259,288,,
policy_action,3,kev_4b,Kev-4B,decision_interface,88.541667,255,288,,
policy_action,4,qwen38_27b,Qwen3.8-27B,direct_llm,85.069444,245,288,,
policy_action,5,jev-1.13.0,Jev 1.13.0 API,decision_interface,84.722222,244,288,,
policy_action,6,qwen35_9b,Qwen3.5-9B,direct_llm,84.027778,242,288,,
policy_action,7,kev_08b,Kev-0.8B,decision_interface,66.319444,191,288,,
policy_action,8,qwen35_4b,Qwen3.5-4B,direct_llm,63.888889,184,288,,
policy_action,9,qwen3_8b,Qwen3-8B,direct_llm,46.875000,135,288,,
policy_action,10,english,Laya English,decision_interface,43.750000,126,288,,
policy_action,11,qwen35_08b,Qwen3.5-0.8B,direct_llm,34.027778,98,288,,
policy_action,12,llama31_8b_instruct,Llama-3.1-8B,direct_llm,30.902778,89,288,,
policy_action,13,nanojev,NanoJev,decision_interface,28.125000,81,288,,
policy_action,14,multilingual,Laya Multilingual,decision_interface,26.041667,75,288,,
legal,1,kev_27b,Kev-27B v2,decision_interface,80.555556,116,144,,
legal,2,qwen38_27b,Qwen3.8-27B,direct_llm,77.777778,112,144,,
legal,3,jev-1.13.0,Jev 1.13.0 API,decision_interface,77.083333,111,144,,
legal,4,qwen35_9b,Qwen3.5-9B,direct_llm,75.694444,109,144,,
legal,5,kev_9b,Kev-9B,decision_interface,70.138889,101,144,,
legal,6,kev_4b,Kev-4B,decision_interface,65.972222,95,144,,
legal,7,qwen35_4b,Qwen3.5-4B,direct_llm,59.722222,86,144,,
legal,8,kev_08b,Kev-0.8B,decision_interface,48.611111,70,144,,
legal,9,qwen3_8b,Qwen3-8B,direct_llm,45.138889,65,144,,
legal,10,english,Laya English,decision_interface,38.888889,56,144,,
legal,11,multilingual,Laya Multilingual,decision_interface,34.027778,49,144,,
legal,12,nanojev,NanoJev,decision_interface,31.944444,46,144,,
legal,13,llama31_8b_instruct,Llama-3.1-8B,direct_llm,30.555556,44,144,,
legal,13,qwen35_08b,Qwen3.5-0.8B,direct_llm,30.555556,44,144,,
science,1,jev-1.13.0,Jev 1.13.0 API,decision_interface,85.840708,291,339,,
science,2,kev_27b,Kev-27B v2,decision_interface,84.070796,285,339,,
science,2,qwen38_27b,Qwen3.8-27B,direct_llm,84.070796,285,339,,
science,4,qwen35_9b,Qwen3.5-9B,direct_llm,83.480826,283,339,,
science,5,kev_4b,Kev-4B,decision_interface,80.825959,274,339,,
science,6,kev_9b,Kev-9B,decision_interface,80.530973,273,339,,
science,7,qwen3_8b,Qwen3-8B,direct_llm,68.141593,231,339,,
science,8,qwen35_4b,Qwen3.5-4B,direct_llm,66.371681,225,339,,
science,9,llama31_8b_instruct,Llama-3.1-8B,direct_llm,53.687316,182,339,,
science,10,english,Laya English,decision_interface,50.442478,171,339,,
science,11,kev_08b,Kev-0.8B,decision_interface,49.557522,168,339,,
science,12,multilingual,Laya Multilingual,decision_interface,44.247788,150,339,,
science,13,qwen35_08b,Qwen3.5-0.8B,direct_llm,40.707965,138,339,,
science,14,nanojev,NanoJev,decision_interface,37.168142,126,339,,
action_head,1,kev_27b,Kev-27B v2,decision_interface,100.000000,288,288,,
action_head,2,kev_9b,Kev-9B,decision_interface,89.930556,259,288,,
action_head,3,kev_4b,Kev-4B,decision_interface,88.541667,255,288,,
action_head,4,qwen38_27b,Qwen3.8-27B,direct_llm,85.069444,245,288,,
action_head,5,jev-1.13.0,Jev 1.13.0 API,decision_interface,84.722222,244,288,,
action_head,6,qwen35_9b,Qwen3.5-9B,direct_llm,84.027778,242,288,,
action_head,7,kev_08b,Kev-0.8B,decision_interface,66.319444,191,288,,
action_head,8,qwen35_4b,Qwen3.5-4B,direct_llm,63.888889,184,288,,
action_head,9,qwen3_8b,Qwen3-8B,direct_llm,46.875000,135,288,,
action_head,10,english,Laya English,decision_interface,43.750000,126,288,,
action_head,11,qwen35_08b,Qwen3.5-0.8B,direct_llm,34.027778,98,288,,
action_head,12,llama31_8b_instruct,Llama-3.1-8B,direct_llm,30.902778,89,288,,
action_head,13,nanojev,NanoJev,decision_interface,28.125000,81,288,,
action_head,14,multilingual,Laya Multilingual,decision_interface,26.041667,75,288,,
review_head,1,kev_27b,Kev-27B v2,decision_interface,100.000000,288,288,,
review_head,2,jev-1.13.0,Jev 1.13.0 API,decision_interface,96.527778,278,288,,
review_head,3,kev_4b,Kev-4B,decision_interface,84.027778,242,288,,
review_head,4,kev_9b,Kev-9B,decision_interface,77.430556,223,288,,
review_head,5,qwen35_9b,Qwen3.5-9B,direct_llm,77.083333,222,288,,
review_head,6,qwen38_27b,Qwen3.8-27B,direct_llm,71.527778,206,288,,
review_head,7,kev_08b,Kev-0.8B,decision_interface,66.666667,192,288,,
review_head,8,english,Laya English,decision_interface,63.888889,184,288,,
review_head,8,qwen3_8b,Qwen3-8B,direct_llm,63.888889,184,288,,
review_head,10,multilingual,Laya Multilingual,decision_interface,59.375000,171,288,,
review_head,10,llama31_8b_instruct,Llama-3.1-8B,direct_llm,59.375000,171,288,,
review_head,10,nanojev,NanoJev,decision_interface,59.375000,171,288,,
review_head,13,qwen35_4b,Qwen3.5-4B,direct_llm,45.138889,130,288,,
review_head,14,qwen35_08b,Qwen3.5-0.8B,direct_llm,40.625000,117,288,,
severity_head,1,kev_27b,Kev-27B v2,decision_interface,98.958333,285,288,,
severity_head,2,jev-1.13.0,Jev 1.13.0 API,decision_interface,97.222222,280,288,,
severity_head,3,kev_9b,Kev-9B,decision_interface,81.250000,234,288,,
severity_head,4,qwen3_8b,Qwen3-8B,direct_llm,67.361111,194,288,,
severity_head,4,qwen38_27b,Qwen3.8-27B,direct_llm,67.361111,194,288,,
severity_head,6,kev_4b,Kev-4B,decision_interface,65.625000,189,288,,
severity_head,7,qwen35_9b,Qwen3.5-9B,direct_llm,62.847222,181,288,,
severity_head,8,llama31_8b_instruct,Llama-3.1-8B,direct_llm,62.500000,180,288,,
severity_head,9,qwen35_4b,Qwen3.5-4B,direct_llm,56.597222,163,288,,
severity_head,10,kev_08b,Kev-0.8B,decision_interface,41.666667,120,288,,
severity_head,11,qwen35_08b,Qwen3.5-0.8B,direct_llm,37.847222,109,288,,
severity_head,12,english,Laya English,decision_interface,36.805556,106,288,,
severity_head,13,nanojev,NanoJev,decision_interface,31.944444,92,288,,
severity_head,14,multilingual,Laya Multilingual,decision_interface,31.250000,90,288,,
all_heads,1,kev_27b,Kev-27B v2,decision_interface,98.958333,285,288,,
all_heads,2,jev-1.13.0,Jev 1.13.0 API,decision_interface,79.166667,228,288,,
all_heads,3,kev_9b,Kev-9B,decision_interface,58.680556,169,288,,
all_heads,4,kev_4b,Kev-4B,decision_interface,50.347222,145,288,,
all_heads,5,qwen35_9b,Qwen3.5-9B,direct_llm,39.236111,113,288,,
all_heads,6,qwen38_27b,Qwen3.8-27B,direct_llm,36.111111,104,288,,
all_heads,7,qwen3_8b,Qwen3-8B,direct_llm,23.263889,67,288,,
all_heads,8,kev_08b,Kev-0.8B,decision_interface,20.833333,60,288,,
all_heads,9,qwen35_4b,Qwen3.5-4B,direct_llm,19.791667,57,288,,
all_heads,10,llama31_8b_instruct,Llama-3.1-8B,direct_llm,13.194444,38,288,,
all_heads,11,english,Laya English,decision_interface,11.111111,32,288,,
all_heads,12,multilingual,Laya Multilingual,decision_interface,7.986111,23,288,,
all_heads,13,nanojev,NanoJev,decision_interface,7.638889,22,288,,
all_heads,14,qwen35_08b,Qwen3.5-0.8B,direct_llm,4.166667,12,288,,
policy_counterfactual,1,kev_27b,Kev-27B v2,decision_interface,100.000000,288,288,,
policy_counterfactual,2,kev_9b,Kev-9B,decision_interface,85.069444,245,288,,
policy_counterfactual,3,kev_4b,Kev-4B,decision_interface,83.680556,241,288,,
policy_counterfactual,3,qwen38_27b,Qwen3.8-27B,direct_llm,83.680556,241,288,,
policy_counterfactual,5,qwen35_9b,Qwen3.5-9B,direct_llm,79.166667,228,288,,
policy_counterfactual,6,jev-1.13.0,Jev 1.13.0 API,decision_interface,76.388889,220,288,,
policy_counterfactual,7,qwen35_4b,Qwen3.5-4B,direct_llm,46.180556,133,288,,
policy_counterfactual,8,kev_08b,Kev-0.8B,decision_interface,33.680556,97,288,,
policy_counterfactual,9,qwen3_8b,Qwen3-8B,direct_llm,25.347222,73,288,,
policy_counterfactual,10,english,Laya English,decision_interface,10.069444,29,288,,
policy_counterfactual,11,multilingual,Laya Multilingual,decision_interface,0.000000,0,288,,
policy_counterfactual,11,llama31_8b_instruct,Llama-3.1-8B,direct_llm,0.000000,0,288,,
policy_counterfactual,11,nanojev,NanoJev,decision_interface,0.000000,0,288,,
policy_counterfactual,11,qwen35_08b,Qwen3.5-0.8B,direct_llm,0.000000,0,288,,
natural_reversal,1,kev_27b,Kev-27B v2,decision_interface,81.176254,,,,
natural_reversal,2,jev-1.13.0,Jev 1.13.0 API,decision_interface,79.778147,,,,
natural_reversal,3,qwen38_27b,Qwen3.8-27B,direct_llm,76.471853,,,,
natural_reversal,4,kev_9b,Kev-9B,decision_interface,73.512783,,,,
natural_reversal,5,qwen35_9b,Qwen3.5-9B,direct_llm,71.248156,,,,
natural_reversal,6,kev_4b,Kev-4B,decision_interface,70.682768,,,,
natural_reversal,7,qwen35_4b,Qwen3.5-4B,direct_llm,56.581858,,,,
natural_reversal,8,qwen3_8b,Qwen3-8B,direct_llm,45.141962,,,,
natural_reversal,9,english,Laya English,decision_interface,41.264135,,,,
natural_reversal,10,kev_08b,Kev-0.8B,decision_interface,39.902901,,,,
natural_reversal,11,nanojev,NanoJev,decision_interface,34.556293,,,,
natural_reversal,12,multilingual,Laya Multilingual,decision_interface,33.757375,,,,
natural_reversal,13,llama31_8b_instruct,Llama-3.1-8B,direct_llm,32.844764,,,,
natural_reversal,14,qwen35_08b,Qwen3.5-0.8B,direct_llm,22.308260,,,,
overall_domain_equal,1,kev_27b,Kev-27B v2,decision_interface,88.208784,,,85.866686,90.488296
overall_domain_equal,2,jev-1.13.0,Jev 1.13.0 API,decision_interface,82.548755,,,79.419934,85.504270
overall_domain_equal,3,qwen38_27b,Qwen3.8-27B,direct_llm,82.306006,,,79.450726,85.121644
overall_domain_equal,4,qwen35_9b,Qwen3.5-9B,direct_llm,81.067683,,,77.909940,84.090936
overall_domain_equal,5,kev_9b,Kev-9B,decision_interface,80.200139,,,77.137087,83.307698
overall_domain_equal,6,kev_4b,Kev-4B,decision_interface,78.446616,,,75.488258,81.588393
overall_domain_equal,7,qwen35_4b,Qwen3.5-4B,direct_llm,63.327598,,,59.557177,66.917883
overall_domain_equal,8,kev_08b,Kev-0.8B,decision_interface,54.829359,,,50.972963,58.556660
overall_domain_equal,9,qwen3_8b,Qwen3-8B,direct_llm,53.385161,,,49.806861,57.085051
overall_domain_equal,10,english,Laya English,decision_interface,44.360456,,,41.024654,47.619338
overall_domain_equal,11,llama31_8b_instruct,Llama-3.1-8B,direct_llm,38.381883,,,35.031493,41.633332
overall_domain_equal,12,qwen35_08b,Qwen3.5-0.8B,direct_llm,35.097099,,,31.761440,38.406213
overall_domain_equal,13,multilingual,Laya Multilingual,decision_interface,34.772411,,,31.483464,38.150650
overall_domain_equal,14,nanojev,NanoJev,decision_interface,32.412529,,,29.280727,35.631811
overall_task_equal,1,kev_27b,Kev-27B v2,decision_interface,92.925270,,,,
overall_task_equal,2,kev_9b,Kev-9B,decision_interface,84.092306,,,,
overall_task_equal,3,jev-1.13.0,Jev 1.13.0 API,decision_interface,83.418142,,,,
overall_task_equal,4,qwen38_27b,Qwen3.8-27B,direct_llm,83.411382,,,,
overall_task_equal,5,kev_4b,Kev-4B,decision_interface,82.484636,,,,
overall_task_equal,6,qwen35_9b,Qwen3.5-9B,direct_llm,82.251721,,,,
overall_task_equal,7,qwen35_4b,Qwen3.5-4B,direct_llm,63.552114,,,,
overall_task_equal,8,kev_08b,Kev-0.8B,decision_interface,59.425393,,,,
overall_task_equal,9,qwen3_8b,Qwen3-8B,direct_llm,50.781096,,,,
overall_task_equal,10,english,Laya English,decision_interface,44.116273,,,,
overall_task_equal,11,llama31_8b_instruct,Llama-3.1-8B,direct_llm,35.390241,,,,
overall_task_equal,12,qwen35_08b,Qwen3.5-0.8B,direct_llm,34.669371,,,,
overall_task_equal,13,multilingual,Laya Multilingual,decision_interface,31.280113,,,,
overall_task_equal,14,nanojev,NanoJev,decision_interface,30.697517,,,,
