model,workload,batch_size,requests_per_round,decisions_per_round,rounds,batch_p50_ms_median,batch_p50_ms_ci95_low,batch_p50_ms_ci95_high,batch_p50_ms_min,batch_p50_ms_max,batch_p95_ms_median,batch_p95_ms_ci95_low,batch_p95_ms_ci95_high,batch_p95_ms_min,batch_p95_ms_max,requests_per_second_median,requests_per_second_ci95_low,requests_per_second_ci95_high,requests_per_second_min,requests_per_second_max,decisions_per_second_median,decisions_per_second_ci95_low,decisions_per_second_ci95_high,decisions_per_second_min,decisions_per_second_max,reference_agreement_median,reference_agreement_ci95_low,reference_agreement_ci95_high,reference_agreement_min,reference_agreement_max,peak_allocated_gib_median,peak_allocated_gib_ci95_low,peak_allocated_gib_ci95_high,peak_allocated_gib_min,peak_allocated_gib_max
english,ag_news,1,64,64,8,10.38423296995461,10.290713980793953,18.353908322751522,10.279707610607147,18.418366089463234,14.472999377176166,10.436090547591448,18.860010523349047,10.41006725281477,18.981435615569353,83.95395893483789,54.222292914084214,97.23876954940953,53.31815685926189,97.29931591575287,83.95395893483789,54.222292914084214,97.23876954940953,53.31815685926189,97.29931591575287,0.984375,0.984375,0.984375,0.984375,0.984375,2.2741026878356934,2.2741026878356934,2.2742857933044434,2.2741026878356934,2.2749571800231934
english,ag_news,8,64,64,8,18.089854973368347,17.760889371857047,18.239581026136875,17.640914069488645,22.592233028262854,19.253374671097845,19.157844968140125,19.31808942463249,19.155356823466718,22.829144657589495,441.20221958424014,436.81708781453796,444.3670824145102,354.42796782476137,445.99808595141053,441.20221958424014,436.81708781453796,444.3670824145102,354.42796782476137,445.99808595141053,0.984375,0.984375,0.984375,0.984375,0.984375,2.305403232574463,2.305403232574463,2.305616855621338,2.305403232574463,2.307356357574463
english,ag_news,32,64,64,8,55.78574154060334,54.94116130284965,56.087366538122296,54.66114031150937,64.71901061013341,57.87100786110386,57.723844377323985,58.295045141130686,57.43730359245092,65.94420890323818,573.628081965546,570.5384648118531,582.4412742862835,494.4451359549923,585.425035365794,573.628081965546,570.5384648118531,582.4412742862835,494.4451359549923,585.425035365794,0.984375,0.984375,0.984375,0.984375,0.984375,2.408967971801758,2.408967971801758,2.410188674926758,2.408845901489258,2.410493850708008
english,boolq,1,64,64,8,10.299076442606747,10.232886765152216,10.321629233658314,10.197894182056189,10.340617038309574,10.831619042437524,10.819485504180193,10.848457715474067,10.796950245276092,11.220792401582,96.17864802941779,94.98799208420553,96.36328102783328,94.61312379270973,97.10503760636,96.17864802941779,94.98799208420553,96.36328102783328,94.61312379270973,97.10503760636,0.875,0.875,0.875,0.875,0.875,2.281135082244873,2.279252052307129,2.281135082244873,2.2787351608276367,2.281135082244873
english,boolq,8,64,64,8,30.025905114598572,28.97725999355316,30.63403209671378,26.709171244874597,30.94261814840138,39.58229810232296,39.179804245941334,39.87958908546715,39.1781078884378,39.897255133837454,257.19183020349055,256.5820589509797,261.7512532998354,256.0950970919079,274.86737787422317,257.19183020349055,256.5820589509797,261.7512532998354,256.0950970919079,274.86737787422317,0.84375,0.84375,0.859375,0.84375,0.859375,2.3720650672912598,2.3716073036193848,2.3731484413146973,2.3611397743225098,2.3740181922912598
english,boolq,32,64,64,8,128.1705303117633,125.01699244603515,128.51881701499224,121.64118210785091,134.42289945669472,142.43617809843272,141.73371160868555,143.41833349317312,141.09127295669168,152.83887803088874,249.66761237738447,248.99077616211696,255.96520420064596,238.054677657872,263.06880158092997,249.66761237738447,248.99077616211696,255.96520420064596,238.054677657872,263.06880158092997,0.859375,0.859375,0.859375,0.859375,0.859375,2.7432029247283936,2.742628574371338,2.7433533668518066,2.742628574371338,2.74399471282959
english,sst5,1,64,64,8,10.265011922456324,10.2118996437639,10.408787988126278,10.185288498178124,18.22945987805724,10.38604467175901,10.336925066076219,10.62069891486317,10.29512002132833,18.46617346163839,98.96071384111707,97.73975074903663,99.55296421762161,55.596234579130844,99.93124299458948,98.96071384111707,97.73975074903663,99.55296421762161,55.596234579130844,99.93124299458948,0.25,0.25,0.25,0.25,0.25,2.2738728523254395,2.2738728523254395,2.2740559577941895,2.2738728523254395,2.2747273445129395
english,sst5,8,64,64,8,15.577473328448832,15.44309570454061,15.655904309824109,15.390736050903797,15.706655103713274,15.838795725721866,15.761653403751552,15.902117104269564,15.73256989941001,15.949462237767875,516.7277014391357,512.7977593999886,520.9837763036928,509.49926792101047,526.686361371216,516.7277014391357,512.7977593999886,520.9837763036928,509.49926792101047,526.686361371216,0.25,0.25,0.25,0.25,0.25,2.3050246238708496,2.3001327514648438,2.3050246238708496,2.2971510887145996,2.3050246238708496
english,sst5,32,64,64,8,39.71148037817329,38.8406494166702,41.823295410722494,38.1033387966454,47.001977218315005,39.9017802788876,39.42237626761198,43.94729523919523,39.21305381227285,47.12918244767934,805.8335594626168,765.1238307681505,823.8791184131378,680.8224226688645,839.8214175083592,805.8335594626168,765.1238307681505,823.8791184131378,680.8224226688645,839.8214175083592,0.25,0.25,0.25,0.25,0.25,2.3561277389526367,2.3518075942993164,2.363971710205078,2.349736213684082,2.364276885986328
english,banking77,1,64,64,8,12.656207545660436,12.554809916764498,12.741647195070982,12.526056030765176,20.810007583349943,13.08796617668122,12.97689164057374,13.19989764597267,12.958464655093849,21.050391625612974,78.73865272201141,78.29619373583148,79.47670438809897,47.99437993264826,79.62569559069874,78.73865272201141,78.29619373583148,79.47670438809897,47.99437993264826,79.62569559069874,0.515625,0.515625,0.515625,0.515625,0.515625,2.2810373306274414,2.2810373306274414,2.2811965942382812,2.277560234069824,2.281404495239258
english,banking77,8,64,64,8,48.79712325055152,47.24056599661708,58.95913206040859,46.816072659567,62.1919936966151,49.718170322012156,48.81289612967521,61.43556800670922,48.80481811705977,63.79636095371097,165.1315492466415,134.06045793253264,168.60003432822938,128.46951547500052,168.7830731540993,165.1315492466415,134.06045793253264,168.60003432822938,128.46951547500052,168.7830731540993,0.515625,0.515625,0.515625,0.515625,0.515625,2.3675708770751953,2.3647937774658203,2.3676271438598633,2.3644351959228516,2.3676271438598633
english,banking77,32,64,64,8,176.85840849298984,172.1606208011508,204.3077974813059,172.1264945808798,228.63280749879777,177.7790445717983,173.7359471153468,206.13558179466054,172.6563257863745,230.99072047043592,180.9814340521297,158.878597469481,185.87293569858048,139.96241549965774,185.90978732192593,180.9814340521297,158.878597469481,185.87293569858048,139.96241549965774,185.90978732192593,0.515625,0.515625,0.515625,0.515625,0.515625,2.7006278038024902,2.7006211280822754,2.7012925148010254,2.7006211280822754,2.7033019065856934
english,massive_en,1,64,64,8,11.439011665061116,11.347976047545671,20.039118127897382,11.310382513329387,20.316885318607092,11.532444437034428,11.394602595828474,20.2065606135875,11.362900026142597,20.525027415715158,87.34206786014633,49.92988582066363,88.14813576330349,49.21218725837586,88.21972324602234,87.34206786014633,49.92988582066363,88.14813576330349,49.21218725837586,88.21972324602234,0.546875,0.546875,0.546875,0.546875,0.546875,2.2778940200805664,2.2778940200805664,2.2791852951049805,2.2778940200805664,2.2793684005737305
english,massive_en,8,64,64,8,35.55837832391262,35.083199152722955,36.14102303981781,34.89432227797806,44.16545922867954,35.77287454390898,35.38666900712997,36.55900259036571,35.24320798460394,44.58090078551322,225.13518947737333,221.27754852516819,228.99617398530003,181.51031814446094,229.1398374317833,225.13518947737333,221.27754852516819,228.99617398530003,181.51031814446094,229.1398374317833,0.5625,0.5625,0.5625,0.5625,0.5625,2.343517303466797,2.3429298400878906,2.343517303466797,2.3428993225097656,2.343517303466797
english,massive_en,32,64,64,8,122.62082996312529,120.88746041990817,155.50638642162085,119.80043374933302,160.76774150133133,123.67444598348811,121.74905322026461,156.3165836967528,121.02483639027923,161.14744297228754,260.98351045982974,205.77932994493966,264.7090102550465,199.04490603131975,267.1108859835673,260.98351045982974,205.77932994493966,264.7090102550465,199.04490603131975,267.1108859835673,0.5625,0.5625,0.5625,0.5625,0.5625,2.552217960357666,2.5517640113830566,2.5564942359924316,2.5516114234924316,2.557060718536377
english,massive_zh,1,64,64,8,11.37914857827127,11.343273567035794,11.48306648246944,11.318404925987124,11.500705499202013,11.513290752191097,11.459283530712128,11.583189759403467,11.415558238513768,11.58342333510518,87.51545318009502,86.96963655644944,87.95731966558334,86.88784778534092,88.32327190880262,87.51545318009502,86.96963655644944,87.95731966558334,86.88784778534092,88.32327190880262,0.328125,0.328125,0.328125,0.328125,0.328125,2.2797250747680664,2.2792043685913086,2.2797250747680664,2.278878688812256,2.2797250747680664
english,massive_zh,8,64,64,8,35.6023027561605,35.49863491207361,36.358345998451114,35.42661154642701,36.68392077088356,36.79340652888641,36.56346902716905,37.48804235365242,36.42364444676787,37.6328639453277,223.7217776980652,218.93008297801646,224.29518039727577,217.78684346854715,225.20535717090328,223.7217776980652,218.93008297801646,224.29518039727577,217.78684346854715,225.20535717090328,0.328125,0.328125,0.328125,0.328125,0.328125,2.3460869789123535,2.3436741828918457,2.3460869789123535,2.341067314147949,2.3460869789123535
english,massive_zh,32,64,64,8,124.86956117209047,123.72886552475393,128.1892831902951,123.56568337418139,128.948642173782,126.82180962292477,125.1293016364798,129.41802095156163,124.97642275411636,130.3991009714082,256.2674322878476,249.6308521555306,258.63002836308954,248.160813953156,258.97157791858484,256.2674322878476,249.6308521555306,258.63002836308954,248.160813953156,258.97157791858484,0.328125,0.328125,0.328125,0.328125,0.328125,2.568159580230713,2.567121982574463,2.568159580230713,2.566938877105713,2.569593906402588
english,clinc150_oos,1,64,64,8,21.367927198298275,21.29226690158248,21.67591080069542,21.27491286955774,21.72609930858016,21.436914335936308,21.36527260299772,21.75931422971189,21.349376440048218,21.78430249914527,46.84111398765698,46.17282143153465,47.004728269800715,46.063988808633844,47.06234069962073,46.84111398765698,46.17282143153465,47.004728269800715,46.063988808633844,47.06234069962073,0.59375,0.59375,0.59375,0.59375,0.59375,2.3018131256103516,2.300144672393799,2.3018131256103516,2.2996091842651367,2.3067054748535156
english,clinc150_oos,8,64,64,8,136.8518560193479,136.34919980540872,139.39107744954526,136.050954926759,167.8469874896109,137.2106186579913,136.73911932855844,139.85774056054652,136.4642851985991,169.5365905528888,58.54926970943076,57.43978744408634,58.76251291782515,47.653626512261205,58.78939789725653,58.54926970943076,57.43978744408634,58.76251291782515,47.653626512261205,58.78939789725653,0.59375,0.59375,0.59375,0.59375,0.59375,2.580439567565918,2.5783634185791016,2.580439567565918,2.578126907348633,2.5804834365844727
english,clinc150_oos,32,64,64,8,519.0884764306247,512.1359806507826,632.3333526961505,509.40583017654717,635.7692563906312,519.9472315376624,512.2283068951219,635.4292945470661,511.2457666778937,639.2818479798734,61.64866935141785,50.606218798293675,62.48340520682981,50.33272634425479,62.818283781537424,61.64866935141785,50.606218798293675,62.48340520682981,50.33272634425479,62.818283781537424,0.59375,0.59375,0.59375,0.59375,0.59375,3.6463403701782227,3.6463403701782227,3.646660327911377,3.6463403701782227,3.64910888671875
english,jev_laya_triage,1,64,192,8,13.887518318369985,13.831412885338068,19.893859745934606,13.816327787935734,20.280441269278526,15.722291520796716,15.64964393619448,20.224509830586612,15.626222803257406,20.698125008493662,71.33985150247221,50.98331108734819,71.67452721917975,50.17691884047237,71.77550523654526,214.01955450741661,152.94993326204457,215.02358165753924,150.5307565214171,215.32651570963577,0.6458333333333334,0.6458333333333334,0.6458333333333334,0.6458333333333334,0.6458333333333334,2.305422782897949,2.3002095222473145,2.305422782897949,2.298316478729248,2.305422782897949
english,jev_laya_triage,8,64,192,8,66.94544397760183,64.76603983901441,67.79310759156942,64.60410892032087,68.06075153872371,70.36909722955897,70.1871229801327,70.60372228734195,70.13179354835302,71.4149663457647,121.57720392601547,121.05897524754329,122.83670986081216,118.33474584773548,124.32235285028374,364.7316117780464,363.17692574262986,368.5101295824365,355.00423754320644,372.9670585508512,0.6458333333333334,0.6458333333333334,0.6458333333333334,0.6458333333333334,0.6458333333333334,2.4759955406188965,2.4744086265563965,2.4777398109436035,2.4737319946289062,2.4777398109436035
english,jev_laya_triage,32,64,192,8,257.9575387062505,254.6115410514176,281.2464365269989,253.92451439984143,281.4384177327156,261.27835077932104,259.18998341076076,284.8104902775958,258.6554946145043,287.5015461817384,124.05145478647577,113.77921937484918,125.68165554419134,113.70160569333027,126.02170403134572,372.1543643594273,341.33765812454754,377.044966632574,341.1048170799908,378.06511209403715,0.6458333333333334,0.6458333333333334,0.6458333333333334,0.6458333333333334,0.6458333333333334,3.1916379928588867,3.1912827491760254,3.1916379928588867,3.191218852996826,3.1925225257873535
english,needle_100,1,64,128,8,11.958135990425944,11.947165010496974,11.999508598819375,11.945829028263688,12.008093995973468,12.01254966435954,11.997075262479484,12.03264044597745,11.981902574189007,12.057410646229982,83.55151024609629,83.32862042978165,83.63243701929196,83.25896129720907,83.69358383768814,167.10302049219257,166.6572408595633,167.2648740385839,166.51792259441814,167.38716767537628,0.6328125,0.6328125,0.6328125,0.6328125,0.6328125,2.276360034942627,2.276360034942627,2.276495933532715,2.2753348350524902,2.277714252471924
english,needle_100,8,64,128,8,34.12377473432571,33.99573708884418,34.18527473695576,33.89000310562551,34.22113135457039,34.350760001689196,34.18789440765977,34.41241511609405,34.1375719755888,34.82383326627314,234.66255098401405,233.99278540944073,235.23124289029377,233.71335487661761,235.39883016304097,469.3251019680281,467.98557081888146,470.46248578058754,467.42670975323523,470.79766032608194,0.6328125,0.6328125,0.6328125,0.6328125,0.6328125,2.35068941116333,2.349133014678955,2.35093355178833,2.34739351272583,2.35093355178833
english,needle_100,32,64,128,8,118.62905789166689,118.1758320890367,119.64123835787177,118.15383192151785,134.42040490917861,118.84971735998988,118.50794279016554,119.69340019859374,118.23515691794455,134.77632796857506,269.74841634625363,267.4663054245674,270.78294634634244,238.05909542990037,270.8333659568112,539.4968326925073,534.9326108491348,541.5658926926849,476.11819085980073,541.6667319136224,0.6328125,0.6328125,0.6328125,0.6328125,0.6328125,2.6373085975646973,2.6359658241271973,2.6373085975646973,2.6330361366271973,2.637608528137207
english,needle_1000,1,64,128,8,34.78533809538931,34.75635591894388,34.82773853465915,34.68726226128638,37.04786184243858,35.25207844795659,35.17171614803374,35.36614743061364,34.94314877316356,37.626073928549886,28.76041166628839,28.707482806409544,28.78810896797701,26.96031403219012,28.857158491682128,57.52082333257678,57.41496561281909,57.57621793595402,53.92062806438024,57.714316983364256,0.4921875,0.4921875,0.4921875,0.4921875,0.4921875,2.3284363746643066,2.3284363746643066,2.3295021057128906,2.3284363746643066,2.329888343811035
english,needle_1000,8,64,128,8,202.94338348321617,201.9835696555674,209.21917469240725,201.19253685697913,215.41104884818196,203.99807264329866,203.01905232481658,215.6652781413868,202.93822705280036,216.72121330630034,39.3721995088531,38.07764691691939,39.49237442676809,37.14360361822446,39.73155831722927,78.7443990177062,76.15529383383878,78.98474885353617,74.28720723644892,79.46311663445854,0.4921875,0.4921875,0.4921875,0.4921875,0.4921875,2.877948760986328,2.877948760986328,2.8795175552368164,2.8771839141845703,2.880464553833008
english,needle_1000,32,64,128,8,777.962081017904,776.3123549520969,780.5788770783693,774.7448817826807,786.261496366933,778.7492808536626,776.3584851752967,780.611038650386,775.1130505930632,789.9633263936266,41.13313014889658,40.99521642165477,41.22052134797544,40.69892796208632,41.30391920288431,82.26626029779317,81.99043284330953,82.44104269595088,81.39785592417265,82.60783840576862,0.4921875,0.4921875,0.4921875,0.4921875,0.4921875,4.848242282867432,4.848242282867432,4.849287509918213,4.848242282867432,4.850317478179932
english,needle_4000,1,64,128,8,171.1134824436158,170.27564416639507,171.39970790594816,170.12837948277593,172.04092140309513,171.94835194386542,171.2813492398709,172.42003281135112,171.0152012296021,176.58933645579964,5.866197527523793,5.850698426727913,5.8924053125006735,5.76655801090492,5.8979763575162005,11.732395055047586,11.701396853455826,11.784810625001347,11.53311602180984,11.795952715032401,0.5078125,0.5078125,0.5078125,0.5078125,0.5078125,2.5862174034118652,2.5862174034118652,2.588693618774414,2.5851621627807617,2.5894293785095215
english,needle_4000,8,64,128,8,1217.3102124361321,1213.7882055249065,1221.67761111632,1212.9988863598555,1223.519182531163,1218.772129714489,1214.9665085133165,1224.9833665788174,1213.7969836825505,1227.3107901681215,6.571284309798996,6.547610807149992,6.590227287189646,6.538325961343856,6.595906574626788,13.142568619597991,13.095221614299984,13.180454574379292,13.076651922687711,13.191813149253576,0.5078125,0.5078125,0.5078125,0.5078125,0.5078125,5.063450813293457,5.063450813293457,5.065373420715332,5.063450813293457,5.065463066101074
english,needle_4000,32,64,128,8,4814.563493593596,4805.99674093537,4823.433574521914,4774.8522001784295,4825.698408996686,4815.803137770854,4807.295188051648,4824.758225562982,4775.293207517825,4827.660007565282,6.646509069550613,6.634278155923761,6.6583482521821225,6.631164504673872,6.701778119708963,13.293018139101227,13.268556311847522,13.316696504364245,13.262329009347743,13.403556239417926,0.5078125,0.5078125,0.5078125,0.5078125,0.5078125,13.58387279510498,13.58387279510498,13.58472728729248,13.58387279510498,13.584948062896729
multilingual,ag_news,1,64,64,8,8.509202394634485,8.463046979159117,8.941257372498512,8.424629690125585,15.22306608967483,8.625353267416358,8.560251537710428,9.145371639169753,8.54434424545616,15.361130726523697,117.60525025634291,112.33116743560568,118.30608328013385,65.74396220389866,118.5047577923005,117.60525025634291,112.33116743560568,118.30608328013385,65.74396220389866,118.5047577923005,0.96875,0.96875,0.96875,0.96875,0.96875,1.471560001373291,1.471560001373291,1.4721627235412598,1.470095157623291,1.472658634185791
multilingual,ag_news,8,64,64,8,11.28202525433153,11.158103821799159,11.453661136329174,11.08276634477079,19.060067599639297,12.337647774256766,12.09300858899951,12.486434075981379,12.082133302465081,19.298442313447595,696.1521205884906,690.3270088068697,703.7799939130555,418.82222074799034,710.275558741484,696.1521205884906,690.3270088068697,703.7799939130555,418.82222074799034,710.275558741484,0.96875,0.96875,0.96875,0.96875,0.96875,1.497849464416504,1.4974184036254883,1.4978837966918945,1.4974184036254883,1.4983720779418945
multilingual,ag_news,32,64,64,8,30.82938480656594,30.50673333927989,35.56528000626713,29.78125144727528,39.36834307387471,32.17730454634875,31.949617224745452,36.66811749571934,31.819084146991372,40.413124253973365,1037.9817253178282,910.1610921291838,1048.9487564634594,812.8358346184899,1074.5015217595135,1037.9817253178282,910.1610921291838,1048.9487564634594,812.8358346184899,1074.5015217595135,0.96875,0.96875,0.96875,0.96875,0.96875,1.568643569946289,1.5681967735290527,1.568979263305664,1.568063735961914,1.569040298461914
multilingual,boolq,1,64,64,8,8.545741089619696,8.496772032231092,8.712454233318567,8.465790189802647,15.046581160277128,8.864086167886853,8.774227392859757,9.378247126005588,8.771803160198033,15.5666891252622,115.9129666930049,113.47367711567334,117.36758127215019,75.48407131060878,117.66301023880851,115.9129666930049,113.47367711567334,117.36758127215019,75.48407131060878,117.66301023880851,0.84375,0.84375,0.84375,0.84375,0.84375,1.4790725708007812,1.478367805480957,1.4790725708007812,1.4771194458007812,1.4790725708007812
multilingual,boolq,8,64,64,8,17.58632273413241,16.347876517102122,20.61978681012988,15.002819476649165,21.320055471733212,21.88936659367755,21.681768377311528,25.37650724407285,21.57568042166531,25.404899683780965,448.90625434330695,372.8133390503544,457.75931163186624,367.85073146004817,483.7048385542214,448.90625434330695,372.8133390503544,457.75931163186624,367.85073146004817,483.7048385542214,0.828125,0.828125,0.828125,0.828125,0.828125,1.5449304580688477,1.5420398712158203,1.5493345260620117,1.5414838790893555,1.552210807800293
multilingual,boolq,32,64,64,8,70.08099812082946,66.38443958945572,70.89216145686805,64.28048200905323,75.06500906310976,77.14180335169658,75.23605350870639,78.48648864310235,75.01023798249662,84.57840860355645,456.6180446184336,451.38982000808824,482.0406739576178,426.297157615694,497.8182956918888,456.6180446184336,451.38982000808824,482.0406739576178,426.297157615694,497.8182956918888,0.828125,0.828125,0.828125,0.828125,0.828125,1.8120713233947754,1.8120713233947754,1.8132081031799316,1.8117737770080566,1.814478874206543
multilingual,sst5,1,64,64,8,8.466747123748064,8.380874060094357,8.533629588782787,8.366169407963753,15.040884958580136,8.61706348368898,8.51182802580297,8.764730882830918,8.455032901838422,15.259773912839592,118.75432614376416,118.32111903718466,120.17457531842825,67.09414731812419,120.64843863684851,118.75432614376416,118.32111903718466,120.17457531842825,67.09414731812419,120.64843863684851,0.203125,0.203125,0.203125,0.203125,0.203125,1.4709320068359375,1.4709320068359375,1.4715347290039062,1.4694671630859375,1.4720306396484375
multilingual,sst5,8,64,64,8,10.765797807835042,10.653879959136248,10.950454045087099,10.646528098732233,18.932492472231388,10.984390182420611,10.855982080101967,12.429101113229988,10.833547706715763,19.258716702461243,746.6065060080816,715.8432621117511,752.40082904648,422.510014221456,753.0106587158275,746.6065060080816,715.8432621117511,752.40082904648,422.510014221456,753.0106587158275,0.203125,0.203125,0.203125,0.203125,0.203125,1.4860453605651855,1.485459327697754,1.4886164665222168,1.4851489067077637,1.4891085624694824
multilingual,sst5,32,64,64,8,24.50840047094971,24.2750383913517,24.86511808820069,23.589638527482748,32.700229436159134,24.74861416267231,24.51768727041781,25.057653547264636,24.340276001021266,33.11933130025864,1305.7114687217982,1286.9434155305719,1318.226545478932,978.5864060212117,1356.5277807338543,1305.7114687217982,1286.9434155305719,1318.226545478932,978.5864060212117,1356.5277807338543,0.203125,0.203125,0.203125,0.203125,0.203125,1.5354828834533691,1.5339875221252441,1.5372376441955566,1.5339875221252441,1.5442924499511719
multilingual,banking77,1,64,64,8,9.926569066010416,9.814983699470758,10.089418618008494,9.808101458474994,10.132834548130631,10.079315712209791,9.910782985389233,10.176151478663087,9.893445135094225,18.246041354723275,100.78006839383124,99.24550870558603,102.0071621121698,89.28416364079082,102.1192527443757,100.78006839383124,99.24550870558603,102.0071621121698,89.28416364079082,102.1192527443757,0.46875,0.46875,0.46875,0.46875,0.46875,1.4794235229492188,1.478363037109375,1.4794235229492188,1.4771757125854492,1.4794235229492188
multilingual,banking77,8,64,64,8,29.87417601980269,29.56620790064335,30.715294647961855,29.21983483247459,30.718361726030707,31.19593398878351,31.02253288961947,32.122993492521346,30.849683820270002,32.21132375765592,265.39438104603363,257.80477731646425,267.9439186378665,257.6165481714617,270.4509957433495,265.39438104603363,257.80477731646425,267.9439186378665,257.6165481714617,270.4509957433495,0.484375,0.484375,0.484375,0.484375,0.484375,1.5541138648986816,1.5499267578125,1.5563583374023438,1.546433448791504,1.5573630332946777
multilingual,banking77,32,64,64,8,108.33643923979253,106.51731002144516,109.30263996124268,104.87322486005723,111.10412748530507,108.98395833792165,106.72220163978636,111.33331735618412,106.53377731796354,111.53922495432198,295.37900776452534,292.7651153837345,300.42065457302135,288.01810269589134,305.130313697331,295.37900776452534,292.7651153837345,300.42065457302135,288.01810269589134,305.130313697331,0.484375,0.484375,0.484375,0.484375,0.484375,1.7723278999328613,1.7717061042785645,1.7735371589660645,1.7717061042785645,1.7742924690246582
multilingual,massive_en,1,64,64,8,9.500755812041461,9.355225833132863,13.45484028570354,9.328013518825173,17.24156248383224,9.586137381847948,9.488891228102148,13.671012141276151,9.44982881192118,17.423133878037333,105.30084059290205,81.25161306558451,106.85096585981546,59.21705060413194,106.93109611050293,105.30084059290205,81.25161306558451,106.85096585981546,59.21705060413194,106.93109611050293,0.359375,0.359375,0.359375,0.359375,0.359375,1.473062515258789,1.473062515258789,1.473062515258789,1.473001480102539,1.474557876586914
multilingual,massive_en,8,64,64,8,22.151540382765234,21.80568454787135,27.784524019807577,21.739330841228366,32.97503897920251,23.137613630387932,22.63606449123472,30.865126010030508,22.435824992135167,38.20237552281469,357.150441056098,292.9778458765041,364.1107430169438,234.8706605614686,365.86513880959586,357.150441056098,292.9778458765041,364.1107430169438,234.8706605614686,365.86513880959586,0.359375,0.359375,0.359375,0.359375,0.359375,1.5158681869506836,1.5144624710083008,1.516627311706543,1.5142173767089844,1.516754150390625
multilingual,massive_en,32,64,64,8,76.07080251909792,73.98365694098175,77.22405297681689,73.32856045104563,106.67050164192915,77.09666370647028,75.3526595653966,77.98589295707643,74.60752048064023,108.01162081770599,420.72670684152195,414.3786652794122,432.5279571612288,299.9892145198435,436.3920388340815,420.72670684152195,414.3786652794122,432.5279571612288,299.9892145198435,436.3920388340815,0.359375,0.359375,0.359375,0.359375,0.359375,1.6564481258392334,1.656287670135498,1.6585736274719238,1.6559062004089355,1.6603808403015137
multilingual,massive_zh,1,64,64,8,9.477127227000892,9.335293667390943,17.08336570300162,9.22732800245285,17.25284499116242,9.59774546790868,9.48574475478381,17.38663527648896,9.350602538324893,17.470673169009387,105.6357691209306,58.42257068737909,106.41554535884077,57.98942166838513,108.03510402938477,105.6357691209306,58.42257068737909,106.41554535884077,57.98942166838513,108.03510402938477,0.328125,0.328125,0.328125,0.328125,0.328125,1.4729022979736328,1.4729022979736328,1.4729022979736328,1.4728412628173828,1.4743976593017578
multilingual,massive_zh,8,64,64,8,22.121412795968354,21.78778941743076,32.18980645760894,21.623829379677773,34.16322101838887,22.698340471833944,22.37058631144464,32.529000751674175,22.19335928093642,34.64765737298876,360.4145188882658,248.89767898774673,366.43562997644483,233.56669907899467,368.5912168324447,360.4145188882658,248.89767898774673,366.43562997644483,233.56669907899467,368.5912168324447,0.328125,0.328125,0.328125,0.328125,0.328125,1.5157089233398438,1.5156850814819336,1.5165929794311523,1.513321876525879,1.5175466537475586
multilingual,massive_zh,32,64,64,8,75.4422158934176,73.3979968354106,76.62663119845092,72.7725843898952,104.6534355264157,76.20504259830341,74.26089742220938,77.50392414163798,73.59130480326712,105.5531949037686,424.1792983182963,417.6093807011434,435.97920079150873,305.77113726880793,439.72603513093514,424.1792983182963,417.6093807011434,435.97920079150873,305.77113726880793,439.72603513093514,0.328125,0.328125,0.328125,0.328125,0.328125,1.6580157279968262,1.657482624053955,1.6594653129577637,1.657482624053955,1.6613421440124512
multilingual,clinc150_oos,1,64,64,8,13.596245902590454,13.49373091943562,13.77322874031961,13.450277270749211,21.244897739961743,13.764631864614785,13.55955870822072,20.782319316640496,13.523860462009907,21.51906464714557,73.08985400013552,64.85476084837653,74.11181360773186,47.089074133104255,74.33856723543494,73.08985400013552,64.85476084837653,74.11181360773186,47.089074133104255,74.33856723543494,0.6875,0.6875,0.6875,0.6875,0.6875,1.4963092803955078,1.4960765838623047,1.4972105026245117,1.4958534240722656,1.4983034133911133
multilingual,clinc150_oos,8,64,64,8,78.64966697525233,78.1465875916183,79.78453626856208,77.84541696310043,103.8141599856317,79.34212172403932,78.65173991303891,81.83619736228138,78.1211597379297,105.09039398748428,101.92422689606695,100.22663729285284,102.75383309499469,77.10968986726839,102.90616236434956,101.92422689606695,100.22663729285284,102.75383309499469,77.10968986726839,102.90616236434956,0.6875,0.6875,0.6875,0.6875,0.6875,1.6841764450073242,1.68416166305542,1.684678077697754,1.6828737258911133,1.6848840713500977
multilingual,clinc150_oos,32,64,64,8,293.36491657886654,290.8883395139128,301.7131683882326,290.8768770284951,305.00275851227343,293.56369166634977,291.00785767659545,302.16436602640897,290.94385558273643,308.72781856451184,109.0804170459637,106.06099883192259,110.00784718106407,104.91708388503741,110.01218222260134,109.0804170459637,106.06099883192259,110.00784718106407,104.91708388503741,110.01218222260134,0.6875,0.6875,0.6875,0.6875,0.6875,2.4253644943237305,2.4252805709838867,2.4267454147338867,2.4248228073120117,2.4274778366088867
multilingual,jev_laya_triage,1,64,192,8,9.295949712395668,9.272335097193718,9.429960744455457,9.256687480956316,9.47478017769754,9.818970796186477,9.758954960852861,10.048214951530097,9.74648476112634,10.215260507538913,106.21332761187799,104.876719485566,106.85043711840667,104.22994348989225,106.91816939104234,318.639982835634,314.63015845669804,320.55131135522004,312.68983046967674,320.754508173127,0.5625,0.5625,0.5625,0.5625,0.5625,1.485273838043213,1.4846692085266113,1.486156940460205,1.4835257530212402,1.488058090209961
multilingual,jev_laya_triage,8,64,192,8,35.456720856018364,35.32544942572713,40.7262125518173,34.062993014231324,40.80006526783109,37.894505879376084,37.55244696512818,43.60847317148,37.54639772232622,43.9798285253346,225.7723852964018,197.01336201554747,228.87399690948143,194.82678811506605,233.16197393349393,677.3171558892054,591.0400860466424,686.6219907284443,584.4803643451982,699.4859218004818,0.5625,0.5625,0.5625,0.5625,0.5625,1.6085686683654785,1.6076607704162598,1.6090493202209473,1.6076607704162598,1.6095833778381348
multilingual,jev_laya_triage,32,64,192,8,130.9970604488626,129.97158244252205,132.3273335583508,129.38611418940127,151.5092086046934,134.07172283623368,133.2918017404154,135.52079082001,133.19547376595438,153.47393257543445,244.28144604880788,241.82456594192115,246.20766631160708,211.2082842666813,247.32174855453923,732.8443381464236,725.4736978257635,738.6229989348213,633.6248528000439,741.9652456636177,0.5625,0.5625,0.5625,0.5625,0.5625,2.108088970184326,2.106776714324951,2.1097497940063477,2.1060876846313477,2.109828472137451
multilingual,needle_100,1,64,128,8,9.078831411898136,9.002563776448369,12.763266335241497,8.935036603361368,16.407760558649898,9.241908218245953,9.087925124913454,12.998313829302788,9.05224229209125,16.539388825185597,110.10375469691547,85.1622280489032,111.16287583060104,61.012711321880424,111.91774777667317,220.20750939383095,170.3244560978064,222.32575166120208,122.02542264376085,223.83549555334633,0.609375,0.609375,0.609375,0.609375,0.609375,1.477452278137207,1.4769830703735352,1.477452278137207,1.476933479309082,1.477452278137207
multilingual,needle_100,8,64,128,8,19.77961591910571,19.759964663535357,23.76673952676356,19.643401028588414,24.366200203076005,19.958503113593906,19.86685646697879,23.99624444078654,19.72687973175198,24.43305770866573,404.3521132720867,336.1254082882397,405.0909791838861,328.6525168405687,407.84541579582543,808.7042265441734,672.2508165764795,810.1819583677722,657.3050336811374,815.6908315916509,0.609375,0.609375,0.609375,0.609375,0.609375,1.546863079071045,1.54487943649292,1.5481410026550293,1.543161392211914,1.5483355522155762
multilingual,needle_100,32,64,128,8,65.44376397505403,64.89746342413127,79.03664652258158,64.86479146406054,79.39111301675439,65.62669712584466,65.24238607380539,79.5144606847316,64.91112662479281,79.74886395968497,488.9716989415051,404.8754774895121,493.08552771727005,403.0677840887159,493.33389158786014,977.9433978830102,809.7509549790242,986.1710554345401,806.1355681774318,986.6677831757203,0.609375,0.609375,0.609375,0.609375,0.609375,1.7376418113708496,1.7370152473449707,1.7378249168395996,1.7342238426208496,1.7379164695739746
multilingual,needle_1000,1,64,128,8,18.303886405192316,18.264401238411665,18.36748467758298,18.261528108268976,20.39460139349103,18.65354955662042,18.610500125214458,18.754443153738976,18.60610640142113,20.716117648407817,54.567698081518955,54.37522373874718,54.663483335581354,48.988221603830006,54.70565249566874,109.13539616303791,108.75044747749436,109.32696667116271,97.97644320766001,109.41130499133747,0.4296875,0.4296875,0.4296875,0.4296875,0.4296875,1.5195422172546387,1.519331455230713,1.5204648971557617,1.5160460472106934,1.5206584930419922
multilingual,needle_1000,8,64,128,8,106.39908141456544,105.78266764059663,106.71280510723591,105.09830759838223,115.4700699262321,107.52425530226901,107.31004870031029,107.91446617804468,106.8805962568149,116.87518283724785,75.37945568167265,75.23692753480056,75.65850378758222,69.289183349188,75.84351033509324,150.7589113633453,150.47385506960111,151.31700757516444,138.578366698376,151.68702067018648,0.4296875,0.4296875,0.4296875,0.4296875,0.4296875,1.9053926467895508,1.9026460647583008,1.9062166213989258,1.9025230407714844,1.9063386917114258
multilingual,needle_1000,32,64,128,8,401.4081178465858,399.8403574805707,404.9585189204663,399.2355007212609,438.7466930784285,404.6893283375539,403.06879449635744,407.88550830911845,402.5619631400332,439.151386031881,79.71939919259755,79.0204391435084,80.03194125184066,72.93502265618174,80.15319264491418,159.4387983851951,158.0408782870168,160.06388250368133,145.8700453123635,160.30638528982837,0.4296875,0.4296875,0.4296875,0.4296875,0.4296875,3.2919039726257324,3.2907567024230957,3.2925448417663574,3.2907567024230957,3.2933993339538574
multilingual,needle_4000,1,64,128,8,92.9366530617699,92.83575252629817,93.03878340870142,92.8024617023766,93.14840752631426,94.01411501457915,93.58411296270788,94.14886413142085,93.57057390734553,97.14293528813869,10.819433109450628,10.807627928724463,10.839246900580402,10.685618156571387,10.84495740187367,21.638866218901256,21.615255857448926,21.678493801160805,21.371236313142774,21.68991480374734,0.46875,0.46875,0.46875,0.46875,0.46875,1.7257719039916992,1.725113868713379,1.7266201972961426,1.725113868713379,1.7266502380371094
multilingual,needle_4000,8,64,128,8,638.9856606256217,637.884937459603,641.9958102051169,637.6215710770339,643.5070394072682,642.2002931009047,640.1468301424757,646.1714216275141,639.1352470731363,667.5731572322547,12.50182143065475,12.45857007779046,12.532456301861728,12.44845103927165,12.608482651171473,25.0036428613095,24.91714015558092,25.064912603723457,24.8969020785433,25.216965302342945,0.46875,0.46875,0.46875,0.46875,0.46875,3.755004405975342,3.7547526359558105,3.7557597160339355,3.7547526359558105,3.7558817863464355
multilingual,needle_4000,32,64,128,8,2548.540528048761,2546.637861058116,2555.6440975051373,2545.5491403117776,2560.084926430136,2551.7171265440993,2547.2194511443377,2559.2757988953963,2545.803906582296,2563.7754750438035,12.556206603330912,12.521305306650069,12.565587156826512,12.499585333921644,12.570961406025207,25.112413206661824,25.042610613300138,25.131174313653023,24.999170667843288,25.141922812050414,0.46875,0.46875,0.46875,0.46875,0.46875,10.712576389312744,10.712095737457275,10.713438510894775,10.712095737457275,10.713499546051025
llama31_8b_instruct,ag_news,1,64,64,8,30.692505999468267,30.385774676688015,30.776450177654624,30.288700945675373,30.830729054287076,31.52356306090951,31.255279877223074,31.558372569270432,31.12916036043316,31.594825955107808,32.599483470828105,32.468683112968456,32.874251166712384,32.43747051822083,33.01583201289539,32.599483470828105,32.468683112968456,32.874251166712384,32.43747051822083,33.01583201289539,0.875,0.875,0.875,0.875,0.875,14.994914054870605,14.994914054870605,14.994914054870605,14.994914054870605,14.995310306549072
llama31_8b_instruct,ag_news,8,64,64,8,166.76402068696916,164.86773709766567,167.79713984578848,164.85051554627717,168.384978082031,182.97553590964526,181.07667828444391,183.64228366408497,181.0432373546064,183.6467053508386,47.11432297908192,46.66665905362326,47.61225259546016,46.56344792229559,47.85988442460284,47.11432297908192,46.66665905362326,47.61225259546016,46.56344792229559,47.85988442460284,0.875,0.875,0.875,0.875,0.875,15.201666355133057,15.201666355133057,15.201666355133057,15.201666355133057,15.201666355133057
llama31_8b_instruct,ag_news,32,64,64,8,679.7876305645332,664.4097822718322,682.4339176528156,663.9581106137484,685.1414076518267,700.405982171651,697.6075130980462,702.5792831904255,696.1697183549404,703.2258023275062,47.0737139815288,46.89098705712312,48.16304764595975,46.70568680073365,48.19581158579401,47.0737139815288,46.89098705712312,48.16304764595975,46.70568680073365,48.19581158579401,0.875,0.875,0.875,0.875,0.875,15.91026782989502,15.91026782989502,15.91026782989502,15.91026782989502,15.91026782989502
llama31_8b_instruct,boolq,1,64,64,8,36.85794887132943,36.52908490039408,37.18749526888132,36.18462732993066,37.665880750864744,48.55338238412514,48.32142577506602,49.223764729686074,48.06567446794361,49.657155806198716,27.652924589036786,27.338225700164134,27.861376288468623,27.055029417359844,28.0752151190829,27.652924589036786,27.338225700164134,27.861376288468623,27.055029417359844,28.0752151190829,0.640625,0.640625,0.640625,0.640625,0.640625,15.029522895812988,15.029202461242676,15.029522895812988,15.028996467590332,15.029630661010742
llama31_8b_instruct,boolq,8,64,64,8,264.87147191073745,259.99512686394155,270.84842463955283,240.11479644104838,270.930013153702,344.3071402725763,343.3433908503502,345.85537844104687,342.82799279317254,346.92659096326673,29.180010803295772,29.003863487956842,29.470663754709907,28.960928307819216,30.935321194588653,29.180010803295772,29.003863487956842,29.470663754709907,28.960928307819216,30.935321194588653,0.640625,0.640625,0.640625,0.640625,0.640625,15.464112758636475,15.464112758636475,15.464112758636475,15.464112758636475,15.464112758636475
llama31_8b_instruct,boolq,32,64,64,8,1270.827864529565,1253.627446014434,1272.354283835739,1224.697716999799,1282.7338760253042,1418.7138381879777,1407.6156517025083,1422.2868396900594,1407.2506337426603,1430.7780780130997,25.180440480464277,25.150227736515568,25.525924868456936,24.946717786198658,26.128896588777792,25.180440480464277,25.150227736515568,25.525924868456936,24.946717786198658,26.128896588777792,0.640625,0.640625,0.640625,0.640625,0.640625,16.944642543792725,16.944642543792725,16.944642543792725,16.944642543792725,16.944642543792725
llama31_8b_instruct,sst5,1,64,64,8,29.197268071584404,29.078667983412743,29.308087658137083,28.790944488719106,29.415633995085955,30.751657101791352,30.59277927968651,30.902965343557298,30.453209835104644,30.90706318616867,34.12448213538191,33.911872324282875,34.17614585544797,33.90466575698355,34.54840124487324,34.12448213538191,33.911872324282875,34.17614585544797,33.90466575698355,34.54840124487324,0.28125,0.28125,0.28125,0.28125,0.28125,14.990139484405518,14.990078449249268,14.990139484405518,14.990078449249268,14.99074125289917
llama31_8b_instruct,sst5,8,64,64,8,141.58352883532643,141.3549715653062,151.10070956870914,141.2633436266333,151.47576085291803,161.17793162120506,160.5992814525962,161.68668854516,159.85305197536945,161.74987368285656,54.06197917965892,53.01608884679101,54.84845440904907,52.899959067960104,55.529457990679326,54.06197917965892,53.01608884679101,54.84845440904907,52.899959067960104,55.529457990679326,0.296875,0.28125,0.3125,0.28125,0.3125,15.161986827850342,15.161986827850342,15.161986827850342,15.161986827850342,15.161986827850342
llama31_8b_instruct,sst5,32,64,64,8,554.785022395663,548.609227873385,556.5095315687358,548.1965816579759,557.1233197115362,556.6990086226724,555.236714053899,557.4086325243115,549.187079211697,558.515287283808,57.68001971157129,57.501261316757166,58.329314153252575,57.43791162173711,58.37322061224572,57.68001971157129,57.501261316757166,58.329314153252575,57.43791162173711,58.37322061224572,0.296875,0.28125,0.296875,0.28125,0.296875,15.73612642288208,15.73612642288208,15.73612642288208,15.73612642288208,15.73612642288208
llama31_8b_instruct,banking77,1,64,64,8,112.93441115412861,111.15176347084343,113.03171003237367,110.76096352189779,113.25095663778484,114.14354870794341,111.93666276521981,114.42531985230744,111.83433732949197,114.44902759976685,8.855062700682666,8.838023061288204,9.003806123290905,8.83170355029324,9.02489692154765,8.855062700682666,8.838023061288204,9.003806123290905,8.83170355029324,9.02489692154765,0.515625,0.515625,0.515625,0.515625,0.515625,15.10601282119751,15.105692386627197,15.10601282119751,15.105692386627197,15.10601282119751
llama31_8b_instruct,banking77,8,64,64,8,885.9720915788785,881.6338767064735,888.3240288123488,878.3248874824494,888.4269595146179,897.8268843959086,893.1904774508439,899.39142561052,889.7269343258813,900.2247212687507,9.00269554572644,8.988245932572177,9.047431016332563,8.98507778547171,9.082416055837667,9.00269554572644,8.988245932572177,9.047431016332563,8.98507778547171,9.082416055837667,0.5,0.5,0.515625,0.5,0.515625,16.0987868309021,16.0987868309021,16.0987868309021,16.0987868309021,16.099055290222168
llama31_8b_instruct,banking77,32,64,64,8,3549.556031706743,3543.135863961652,3556.8583509884775,3535.139863844961,3557.631422765553,3558.5426103207283,3552.2164962254465,3561.175799393095,3548.8344369689003,3564.350174041465,9.015226109895227,8.996703506932448,9.031547541115218,8.994748527132288,9.051975659371934,9.015226109895227,8.996703506932448,9.031547541115218,8.994748527132288,9.051975659371934,0.5,0.5,0.5,0.5,0.515625,19.491143703460693,19.491143703460693,19.491143703460693,19.491143703460693,19.491143703460693
llama31_8b_instruct,massive_en,1,64,64,8,91.18215425405651,90.87973763234913,91.28875867463648,90.7918056473136,91.34040703065693,91.68318386655301,91.47655949927866,91.94638936314732,91.33303191047162,92.16578747145832,10.9634100478467,10.947087184210284,11.001380132686037,10.94592947306927,11.010075787522132,10.9634100478467,10.947087184210284,11.001380132686037,10.94592947306927,11.010075787522132,0.546875,0.546875,0.546875,0.546875,0.546875,15.070978164672852,15.070978164672852,15.070978164672852,15.070978164672852,15.07123327255249
llama31_8b_instruct,massive_en,8,64,64,8,665.3567948378623,665.1486060582101,665.7707311678678,654.9549933988601,666.1886253859848,666.6390583850443,666.1236190004274,667.4055543029681,663.8113955501467,668.2886053808033,12.023347095836332,12.019417439768935,12.059004882922164,12.012555085021473,12.21159981109055,12.023347095836332,12.019417439768935,12.059004882922164,12.012555085021473,12.21159981109055,0.5546875,0.546875,0.578125,0.53125,0.59375,15.815991401672363,15.815991401672363,15.816388130187988,15.815136909484863,15.816795825958252
llama31_8b_instruct,massive_en,32,64,64,8,2612.7525734482333,2609.056151006371,2616.7998528108,2600.6057874765247,2617.063159821555,2628.7425900809467,2627.16442104429,2634.1866893228143,2620.9150606999174,2638.563311775215,12.24761994379829,12.228676933632366,12.26497175526747,12.227446586417855,12.304825342656383,12.24761994379829,12.228676933632366,12.26497175526747,12.227446586417855,12.304825342656383,0.546875,0.53125,0.5625,0.53125,0.5625,18.357528686523438,18.357528686523438,18.357528686523438,18.357528686523438,18.357528686523438
llama31_8b_instruct,massive_zh,1,64,64,8,91.14589029923081,90.66404053010046,91.18916327133775,90.15700523741543,91.28361637704074,91.61233738996089,91.31178380921483,91.6685200529173,91.13520088139921,91.78369953297079,10.973073279619296,10.963068595365193,11.01873784069032,10.950679326891667,11.09030135409643,10.973073279619296,10.963068595365193,11.01873784069032,10.950679326891667,11.09030135409643,0.46875,0.46875,0.46875,0.46875,0.46875,15.07088565826416,15.07088565826416,15.07088565826416,15.07088565826416,15.071163654327393
llama31_8b_instruct,massive_zh,8,64,64,8,665.2670373441651,665.145865175873,666.6442642454058,664.9737060070038,666.7487791273743,666.5123571641743,665.9240477252752,667.3060914035887,665.8437935402617,667.6919334335253,12.023176888419297,12.00490306964374,12.025148866885655,12.00048566468009,12.027162493065157,12.023176888419297,12.00490306964374,12.025148866885655,12.00048566468009,12.027162493065157,0.484375,0.46875,0.484375,0.46875,0.484375,15.810729026794434,15.810729026794434,15.811168193817139,15.810729026794434,15.811575889587402
llama31_8b_instruct,massive_zh,32,64,64,8,2599.7476319316775,2597.198776435107,2606.3990565016866,2580.6441924069077,2617.337069939822,2604.538166685961,2599.366214638576,2611.5735699422657,2589.483072119765,2620.7220600452274,12.30888993038105,12.277475285365725,12.320966839481931,12.226166957065162,12.400004655486557,12.30888993038105,12.277475285365725,12.320966839481931,12.226166957065162,12.400004655486557,0.46875,0.46875,0.484375,0.46875,0.484375,18.348692417144775,18.348692417144775,18.348692417144775,18.348692417144775,18.348692417144775
llama31_8b_instruct,clinc150_oos,1,64,64,8,201.75691531039774,201.5901489648968,201.94140681996942,201.5535463578999,202.09994004108012,202.84421381074935,202.51848015468568,204.0038969134912,202.3484403733164,204.63959677144885,4.953086836774378,4.945532800761499,4.957696902876105,4.945230438821142,4.95864677334054,4.953086836774378,4.945532800761499,4.957696902876105,4.945230438821142,4.95864677334054,0.5625,0.5625,0.5625,0.5625,0.5625,15.22449016571045,15.22449016571045,15.22449016571045,15.22449016571045,15.22449016571045
llama31_8b_instruct,clinc150_oos,8,64,64,8,1773.5976156545803,1771.9895446207374,1775.1625534147024,1769.8361165821552,1776.532294927165,1792.6094260648824,1789.192974427715,1794.9466787977144,1789.0524095855653,1796.9185671303421,4.504246723454374,4.499544118246406,4.50981708994053,4.495117852855398,4.511995424059077,4.504246723454374,4.499544118246406,4.50981708994053,4.495117852855398,4.511995424059077,0.5390625,0.53125,0.546875,0.53125,0.5625,17.055126667022705,17.055126667022705,17.055126667022705,17.055126667022705,17.055126667022705
llama31_8b_instruct,clinc150_oos,32,64,64,8,7083.340480341576,7066.433378960937,7112.026743823662,7062.488921917975,7119.785725371912,7137.838419398759,7114.404715481214,7158.310247515328,7098.412342788652,7172.18617645558,4.517642971393127,4.4994206507715875,4.528451381891517,4.494517283851044,4.530980558523792,4.517642971393127,4.4994206507715875,4.528451381891517,4.494517283851044,4.530980558523792,0.546875,0.53125,0.546875,0.515625,0.546875,23.324841022491455,23.324841022491455,23.324841022491455,23.324841022491455,23.324841022491455
llama31_8b_instruct,jev_laya_triage,1,64,192,8,100.02079349942505,99.50980497524142,100.7831385359168,99.23457470722497,102.11313888430595,113.98369977250695,113.47224439959973,114.6132691996172,113.28146022278816,115.63452847767621,9.740247744144533,9.689249860248214,9.783545071677562,9.562323536551661,9.812242184412145,29.2207432324336,29.067749580744643,29.350635215032682,28.686970609654985,29.436726553236436,0.734375,0.734375,0.734375,0.734375,0.734375,15.012849807739258,15.012849807739258,15.012849807739258,15.012849807739258,15.012849807739258
llama31_8b_instruct,jev_laya_triage,8,64,192,8,649.283638340421,636.4834778942168,653.319429140538,633.7726395577192,653.3975759521127,671.4149359380826,669.3360602948815,674.8231565114111,667.4732253886759,680.8163307141513,12.581359685610046,12.456243343841402,12.644925820342323,12.253760352884338,12.73299095296446,37.744079056830145,37.3687300315242,37.93477746102697,36.76128105865301,38.198972858893384,0.71875,0.71875,0.7239583333333334,0.7135416666666666,0.7239583333333334,15.31688928604126,15.31688928604126,15.31688928604126,15.31688928604126,15.31688928604126
llama31_8b_instruct,jev_laya_triage,32,64,192,8,2537.279191892594,2526.293429778889,2550.084725720808,2518.409673124552,2552.7979985345155,2579.5967541984282,2571.7865564627573,2585.7847943203524,2554.238632461056,2587.5329499831423,12.61195903793584,12.548602670821014,12.666778776684215,12.535265233821962,12.706431499803642,37.83587711380752,37.645808012463036,38.00033633005264,37.60579570146589,38.11929449941093,0.7239583333333334,0.71875,0.7239583333333334,0.71875,0.7239583333333334,16.372960567474365,16.372960567474365,16.372960567474365,16.372960567474365,16.373499870300293
llama31_8b_instruct,needle_100,1,64,128,8,69.01621911674738,68.64867894910276,69.13878838531673,68.42430797405541,69.1637434065342,69.35175695689395,68.97872027475387,69.43593905307353,68.8157309545204,69.5988604100421,14.489637357936697,14.463718070333243,14.560094154676014,14.458130399613887,14.604596750368682,28.979274715873395,28.927436140666487,29.120188309352027,28.916260799227775,29.209193500737364,0.8984375,0.8984375,0.8984375,0.8984375,0.8984375,14.998469352722168,14.998469352722168,14.998469352722168,14.998469352722168,14.998469352722168
llama31_8b_instruct,needle_100,8,64,128,8,382.8142263228074,382.0697625633329,383.6088194511831,375.5958089604974,383.62329290248454,384.2119471402839,383.34938979241997,384.4769744435325,377.4203204084188,384.7072748001665,20.89241266273445,20.864972063126775,20.937456649992413,20.850932100865727,21.278658605144596,41.7848253254689,41.72994412625355,41.874913299984826,41.70186420173145,42.55731721028919,0.8984375,0.8984375,0.8984375,0.8984375,0.8984375,15.230156898498535,15.230156898498535,15.230156898498535,15.230156898498535,15.230156898498535
llama31_8b_instruct,needle_100,32,64,128,8,1444.8999122250825,1443.4169030282646,1445.4009348992258,1442.76998587884,1446.215629344806,1454.458812798839,1453.6023253109306,1455.602312949486,1452.4968951242045,1455.9249649755657,22.146862776370966,22.139185901544376,22.16961706133864,22.126714267703832,22.179557596291218,44.29372555274193,44.27837180308875,44.33923412267728,44.253428535407664,44.359115192582436,0.8984375,0.8984375,0.8984375,0.8984375,0.8984375,16.024596214294434,16.024596214294434,16.024596214294434,16.024596214294434,16.02527093887329
llama31_8b_instruct,needle_1000,1,64,128,8,202.67468702513725,202.39160163328052,202.86995801143348,202.1724155638367,203.11363181099296,211.9257205282338,211.38092880137265,212.1637852396816,210.59394567273557,212.3149544466287,4.90953209574025,4.904438027252047,4.913405406070895,4.900779250615646,4.925716258835833,9.8190641914805,9.808876054504093,9.82681081214179,9.801558501231291,9.851432517671666,0.7578125,0.7578125,0.7578125,0.7578125,0.7578125,15.095040321350098,15.095040321350098,15.095040321350098,15.095040321350098,15.095040321350098
llama31_8b_instruct,needle_1000,8,64,128,8,1616.7232090374455,1613.3842482231557,1621.0513026453555,1612.904547713697,1622.5446376483887,1621.3485852465965,1619.696281477809,1625.2218603855,1619.4750235415995,1642.8089420776814,4.958103780377799,4.951284413177039,4.9647534496497405,4.933835126317485,4.964883684750822,9.916207560755598,9.902568826354077,9.929506899299481,9.86767025263497,9.929767369501644,0.7578125,0.7578125,0.7578125,0.7578125,0.7578125,16.002203464508057,16.002203464508057,16.002203464508057,16.002203464508057,16.003067016601562
llama31_8b_instruct,needle_1000,32,64,128,8,6380.351175670512,6336.3771319855005,6396.874646190554,6331.09668828547,6398.846744559705,6382.275951176416,6338.500259048305,6400.747220800258,6336.499003414065,6410.91811968945,5.0153994367807595,5.0024428756090344,5.050204451762614,5.000901143195276,5.054416568808705,10.030798873561519,10.004885751218069,10.100408903525228,10.001802286390552,10.10883313761741,0.7578125,0.7578125,0.7578125,0.7578125,0.7578125,19.112417221069336,19.112417221069336,19.112417221069336,19.112417221069336,19.112417221069336
llama31_8b_instruct,needle_4000,1,64,128,8,705.777573864907,705.5717979092151,706.1058795079589,705.2217295859009,706.8297574296594,707.3675578809343,707.1085880044848,707.8744155587628,706.9824015954509,708.5867348592728,1.4166711149179128,1.4162127868858483,1.4173905851241497,1.4145504530915203,1.4179154539870076,2.8333422298358255,2.8324255737716966,2.8347811702482995,2.8291009061830406,2.835830907974015,0.7265625,0.7265625,0.7265625,0.7265625,0.7265625,15.413341522216797,15.413341522216797,15.413341522216797,15.413341522216797,15.413341522216797
llama31_8b_instruct,needle_4000,8,64,128,8,6955.046007526107,6944.337475346401,6962.150821462274,6944.325807970017,6968.200733885169,6965.677753335331,6952.442182204686,6973.290260648355,6949.299478111789,6979.364351532422,1.1506745627969077,1.1499073897508043,1.1525175014616225,1.1485840805377399,1.1530780630795168,2.3013491255938154,2.2998147795016086,2.305035002923245,2.2971681610754797,2.3061561261590335,0.7265625,0.7265625,0.734375,0.7265625,0.734375,18.645777702331543,18.645777702331543,18.645777702331543,18.645777702331543,18.645777702331543
llama31_8b_instruct,needle_4000,32,64,128,8,27605.374383740127,27570.044482825324,27657.57452370599,27542.814870364964,27724.126484943554,27610.1476238342,27579.537838720717,27665.390578634106,27576.17473686114,27750.737263751216,1.1591945758462345,1.15700673508344,1.1606800279170497,1.154229332252491,1.1618275093019197,2.318389151692469,2.31401347016688,2.3213600558340994,2.308458664504982,2.3236550186038394,0.7265625,0.7265625,0.7265625,0.7265625,0.7265625,29.688010215759277,29.688010215759277,29.688010215759277,29.688010215759277,29.688010215759277
qwen3_8b,ag_news,1,64,64,8,30.956379370763898,30.7057392783463,31.019304879009724,30.560386599972844,31.033442355692387,31.973614043090492,31.75310118822381,32.07910687197,31.59182691015303,32.106986991129816,32.62468865047016,32.58432724860683,32.87995213339373,32.51462918554875,33.06625253596679,32.62468865047016,32.58432724860683,32.87995213339373,32.51462918554875,33.06625253596679,0.875,0.875,0.875,0.875,0.875,15.291428089141846,15.291428089141846,15.291428089141846,15.291183948516846,15.291691303253174
qwen3_8b,ag_news,8,64,64,8,173.9652652759105,171.62594851106405,175.75355619192123,171.50194593705237,175.87887099944055,187.43885301519185,185.23643871303648,188.05145751684904,184.38536210451275,188.50570442155004,46.46319143238736,45.25866022199513,47.50779751756774,45.19793046532148,48.02553958938225,46.46319143238736,45.25866022199513,47.50779751756774,45.19793046532148,48.02553958938225,0.875,0.875,0.875,0.875,0.875,15.464566707611084,15.464566707611084,15.464566707611084,15.464566707611084,15.464566707611084
qwen3_8b,ag_news,32,64,64,8,677.2436477476731,669.5635155774653,678.9099117740989,668.1919309776276,682.4584095738828,700.1614119508304,697.0905738417059,702.5936340447515,690.8275066642091,703.173419740051,47.25035242857743,47.13438328861475,47.79232926453824,46.889304243434175,47.89043165065012,47.25035242857743,47.13438328861475,47.79232926453824,46.889304243434175,47.89043165065012,0.875,0.875,0.875,0.875,0.875,16.059366703033447,16.059366703033447,16.059366703033447,16.059366703033447,16.059366703033447
qwen3_8b,boolq,1,64,64,8,33.506970619782805,33.3448494784534,33.706820802763104,33.32596248947084,33.81504607386887,49.01115628890689,48.75456702429797,49.40903563983734,48.54988437145944,49.51845407485957,26.86606099866731,26.788143168036985,26.942871046652833,26.744407544424654,27.03122313408175,26.86606099866731,26.788143168036985,26.942871046652833,26.744407544424654,27.03122313408175,0.8125,0.8125,0.8125,0.8125,0.8125,15.320269584655762,15.320269584655762,15.320269584655762,15.320269584655762,15.320834159851074
qwen3_8b,boolq,8,64,64,8,277.74043404497206,268.59575510025024,283.8182009290904,257.7888472005725,285.29368061572313,365.9894621232524,365.30436011962587,366.69222526252264,365.21136334631586,371.12444497179234,27.813556079059786,27.554809513119732,28.06565423574601,27.50149857985424,29.16465671767799,27.813556079059786,27.554809513119732,28.06565423574601,27.50149857985424,29.16465671767799,0.8125,0.8125,0.8125,0.8125,0.8125,15.703212261199951,15.703212261199951,15.703212261199951,15.703212261199951,15.703212261199951
qwen3_8b,boolq,32,64,64,8,1345.7956344354898,1339.6902850363404,1350.5208268761635,1278.821968473494,1352.82979067415,1500.1089516910724,1492.9531667847186,1502.9141707345843,1489.9133413797244,1504.7573830932379,23.777905531352985,23.69456239635929,23.886117826951303,23.654121324496835,25.023029623269455,23.777905531352985,23.69456239635929,23.886117826951303,23.654121324496835,25.023029623269455,0.8125,0.8125,0.8125,0.8125,0.8125,17.001479625701904,17.001479625701904,17.001479625701904,17.001479625701904,17.001479625701904
qwen3_8b,sst5,1,64,64,8,29.267935547977686,29.124863678589463,29.356153681874275,29.115204932168126,29.37688841484487,30.68951668683439,30.49222170375287,30.85820702835917,30.352170276455578,31.00026573520153,34.11079117809659,34.03346007127351,34.26746032082052,33.995046024302596,34.31984749977505,34.11079117809659,34.03346007127351,34.26746032082052,33.995046024302596,34.31984749977505,0.390625,0.390625,0.390625,0.390625,0.390625,15.287132740020752,15.287132740020752,15.28724718093872,15.287132740020752,15.287968158721924
qwen3_8b,sst5,8,64,64,8,145.38820507004857,143.28892016783357,147.5671383086592,142.7891629282385,148.0017334688455,149.98729201033711,149.3027788354084,150.4860223736614,147.75462003890425,151.04424078017473,55.04709942068361,54.59726651198004,56.61536844842289,54.35763242997627,56.67307960680741,55.04709942068361,54.59726651198004,56.61536844842289,54.35763242997627,56.67307960680741,0.40625,0.390625,0.40625,0.390625,0.40625,15.42905855178833,15.42905855178833,15.42905855178833,15.42905855178833,15.42905855178833
qwen3_8b,sst5,32,64,64,8,568.3563569327816,559.4970949459821,570.2544169034809,547.8021455928683,571.0249911062419,571.6273146681488,569.2229241831228,572.4309274693951,562.1891740942374,573.1942423153669,56.302704995601665,56.11530406684461,57.19422011134752,56.03957882474928,58.41525130458817,56.302704995601665,56.11530406684461,57.19422011134752,56.03957882474928,58.41525130458817,0.40625,0.390625,0.40625,0.390625,0.40625,15.906347751617432,15.906347751617432,15.906347751617432,15.906347751617432,15.906347751617432
qwen3_8b,banking77,1,64,64,8,119.91219827905297,118.15078160725534,120.10828265920281,117.7962482906878,120.34967029467225,120.89134713169187,119.02555909473449,121.3615810032934,118.97807363420725,121.93594393320382,8.344877897589758,8.322162496889218,8.463303951704548,8.316432561384818,8.484604616188163,8.344877897589758,8.322162496889218,8.463303951704548,8.316432561384818,8.484604616188163,0.609375,0.609375,0.609375,0.609375,0.609375,15.393914699554443,15.393319606781006,15.393914699554443,15.393319606781006,15.393914699554443
qwen3_8b,banking77,8,64,64,8,952.6054742746055,944.7951907059178,954.901474993676,942.6100505515933,954.960570205003,957.2262279340066,951.7848700284958,959.1718009207398,946.3938934495673,960.0074869580567,8.41460252250669,8.4069568010146,8.473043065869424,8.393017982821968,8.499277815428782,8.41460252250669,8.4069568010146,8.473043065869424,8.393017982821968,8.499277815428782,0.609375,0.609375,0.609375,0.609375,0.609375,16.268429279327393,16.268429279327393,16.268551349639893,16.268429279327393,16.268551349639893
qwen3_8b,banking77,32,64,64,8,3790.8780944999307,3780.775304650888,3796.201780438423,3774.6732369996607,3802.9632633551955,3805.2887184079736,3795.080287894234,3807.0619056001306,3791.0449299495667,3810.9695403371006,8.441324260294731,8.429478160221588,8.46389451335327,8.414490959812149,8.477555006969435,8.441324260294731,8.429478160221588,8.46389451335327,8.414490959812149,8.477555006969435,0.609375,0.609375,0.609375,0.609375,0.609375,19.271379470825195,19.271379470825195,19.271379470825195,19.271379470825195,19.271379470825195
qwen3_8b,massive_en,1,64,64,8,96.01008519530296,95.8679961040616,96.05691395699978,95.77704244293272,97.21794608049095,96.68418511282653,96.54102650238201,96.95427685510367,96.44351443275809,98.04012249223888,10.413917937037397,10.403556149325247,10.422364228964886,10.280728490837822,10.444728694695474,10.413917937037397,10.403556149325247,10.422364228964886,10.280728490837822,10.444728694695474,0.625,0.625,0.625,0.625,0.625,15.359822273254395,15.359578132629395,15.359822273254395,15.359578132629395,15.359822273254395
qwen3_8b,massive_en,8,64,64,8,705.3530113771558,698.7709763925523,707.0065564475954,698.083060560748,707.8651564661413,706.9874692475423,704.4164394261315,708.5015836637467,703.8533993763849,711.8710627080873,11.348006058773642,11.313568923303228,11.435698547369439,11.296252618703184,11.44620884085519,11.348006058773642,11.313568923303228,11.435698547369439,11.296252618703184,11.44620884085519,0.625,0.609375,0.625,0.609375,0.625,16.0131573677063,16.0131573677063,16.0131573677063,16.0131573677063,16.0136456489563
qwen3_8b,massive_en,32,64,64,8,2759.5513924025,2758.3679636009037,2763.5329449549317,2757.036328082904,2763.6002886574715,2769.1087347106077,2764.014634839259,2770.6022838596255,2763.6712465435266,2773.255561199039,11.596087716043886,11.579380683128372,11.601062810425658,11.57909851556184,11.606666068941896,11.596087716043886,11.579380683128372,11.601062810425658,11.57909851556184,11.606666068941896,0.625,0.6171875,0.625,0.609375,0.625,18.252142429351807,18.252142429351807,18.252142429351807,18.252142429351807,18.252142429351807
qwen3_8b,massive_zh,1,64,64,8,95.6618778873235,95.4407446552068,95.80912999808788,94.20050936751068,95.95338953658938,96.54408684000373,96.3025206932798,96.68677030131221,95.27329243719578,96.70907275285572,10.453444919991426,10.42907474197044,10.47092300918086,10.420497942736635,10.607896880705022,10.453444919991426,10.42907474197044,10.47092300918086,10.420497942736635,10.607896880705022,0.625,0.625,0.625,0.625,0.625,15.359749794006348,15.359749794006348,15.359749794006348,15.359299659729004,15.359749794006348
qwen3_8b,massive_zh,8,64,64,8,704.1748096235096,702.5385673623532,704.606885323301,702.0387260708958,705.1024748943746,706.6913028713316,705.8728408301249,707.6427881140262,705.8674670057371,708.0768847372383,11.366653315665909,11.351440641194356,11.393579158233319,11.34317843390949,11.395487686886622,11.366653315665909,11.351440641194356,11.393579158233319,11.34317843390949,11.395487686886622,0.640625,0.640625,0.640625,0.640625,0.640625,16.0069899559021,16.0069899559021,16.0069899559021,16.00644063949585,16.007601737976074
qwen3_8b,massive_zh,32,64,64,8,2750.2897439990193,2741.644143126905,2752.3663681931794,2741.1536767613143,2755.780546925962,2754.7671351698227,2752.1481060655788,2759.185049100779,2746.0672424174845,2760.247852373868,11.63513886472505,11.626359183064261,11.671828410051532,11.611955108579162,11.673916815130244,11.63513886472505,11.626359183064261,11.671828410051532,11.611955108579162,11.673916815130244,0.640625,0.640625,0.640625,0.640625,0.640625,18.22535753250122,18.22535753250122,18.22535753250122,18.22535753250122,18.22535753250122
qwen3_8b,clinc150_oos,1,64,64,8,214.73720215726644,214.4633203279227,215.18316050060093,214.37251451425254,215.47324256971478,216.06016958830878,215.72289511095732,216.35146751068532,215.61515433713794,216.3680886849761,4.657979831493273,4.647100079112551,4.661379866112768,4.644278221576925,4.662779126187447,4.657979831493273,4.647100079112551,4.661379866112768,4.644278221576925,4.662779126187447,0.6875,0.6875,0.6875,0.6875,0.6875,15.496235370635986,15.496235370635986,15.496235370635986,15.496235370635986,15.496235370635986
qwen3_8b,clinc150_oos,8,64,64,8,1917.2161747701466,1915.030097356066,1917.7394469734281,1914.2229789867997,1919.2021447233856,1920.0951984035783,1918.6250024707988,1924.4777558604255,1917.8229366894811,1930.886145425029,4.174126514267215,4.170562380127127,4.17785184243834,4.168422662871725,4.180833542901188,4.174126514267215,4.170562380127127,4.17785184243834,4.168422662871725,4.180833542901188,0.671875,0.671875,0.6875,0.65625,0.6875,17.137052059173584,17.137052059173584,17.137052059173584,17.137052059173584,17.137052059173584
qwen3_8b,clinc150_oos,32,64,64,8,7596.254080533981,7567.657420411706,7600.070374086499,7551.208520540968,7604.335915995762,7598.973662150092,7587.164113624021,7609.254060825333,7563.463879493065,7614.104647189379,4.212602933282081,4.21048732773692,4.22852122159873,4.208125515955683,4.2377322666898785,4.212602933282081,4.21048732773692,4.22852122159873,4.208125515955683,4.2377322666898785,0.671875,0.671875,0.671875,0.65625,0.6875,22.747354984283447,22.747354984283447,22.747354984283447,22.747354984283447,22.747354984283447
qwen3_8b,jev_laya_triage,1,64,192,8,102.94796142261475,102.66450443305075,103.92005671747029,102.2647200152278,105.22411810234189,115.94413258135319,115.68626875523478,117.0198333915323,115.21272596437484,118.35808081086725,9.48805903008088,9.447631674284548,9.525416496329793,9.303882493113186,9.562221083562175,28.464177090242643,28.342895022853643,28.576249488989376,27.911647479339553,28.686663250686525,0.7916666666666666,0.7916666666666666,0.7916666666666666,0.7916666666666666,0.7916666666666666,15.303821086883545,15.303821086883545,15.303821086883545,15.303821086883545,15.303821086883545
qwen3_8b,jev_laya_triage,8,64,192,8,670.2647173078731,660.3851637337357,673.893463332206,644.7705754544586,674.0044145844877,696.3881879695691,695.733436010778,698.5471702180803,690.5693172477186,700.0982521800324,12.076530681361007,11.991919503205795,12.273828356921937,11.829182195509267,12.478198348239864,36.22959204408302,35.975758509617386,36.82148507076581,35.4875465865278,37.43459504471959,0.7916666666666666,0.7864583333333334,0.7916666666666666,0.78125,0.7916666666666666,15.567723751068115,15.567723751068115,15.567723751068115,15.567723751068115,15.567723751068115
qwen3_8b,jev_laya_triage,32,64,192,8,2582.0772771257907,2568.286430556327,2590.6001899857074,2563.7480593286455,2591.9675109907985,2614.7646722733043,2602.5435775518417,2622.1418840112165,2593.2060551829636,2623.8939257804304,12.393122604545947,12.35234990088399,12.459669458701438,12.345833759223227,12.481725684223303,37.17936781363785,37.05704970265197,37.379008376104316,37.03750127766968,37.445177052669905,0.7890625,0.7864583333333334,0.7916666666666666,0.7864583333333334,0.7916666666666666,16.469919681549072,16.469919681549072,16.469919681549072,16.469919681549072,16.470398426055908
qwen3_8b,needle_100,1,64,128,8,72.63105129823089,72.45328789576888,73.39224335737526,72.15153612196445,74.0760350599885,72.9741505230777,72.90207096375525,73.76889215083793,72.56391721311957,74.50308005791157,13.776431103733888,13.63314519649525,13.791203248262981,13.506504011600407,13.858429844287754,27.552862207467776,27.2662903929905,27.582406496525962,27.013008023200815,27.716859688575507,0.8828125,0.8828125,0.8828125,0.8828125,0.8828125,15.294352531433105,15.294352531433105,15.294589042663574,15.294352531433105,15.294825553894043
qwen3_8b,needle_100,8,64,128,8,394.9180442141369,393.21902277879417,395.5118253361434,389.91995132528245,395.575002534315,395.98861198173836,395.59282432310283,396.5898623224348,391.59370972774923,397.42229231633246,20.257364061783793,20.23071708663642,20.328804343815193,20.224162803461763,20.513742369984048,40.514728123567586,40.46143417327284,40.657608687630386,40.448325606923525,41.027484739968095,0.890625,0.890625,0.890625,0.8828125,0.890625,15.493150234222412,15.493150234222412,15.493150234222412,15.493150234222412,15.493150234222412
qwen3_8b,needle_100,32,64,128,8,1471.3538696523756,1469.305241946131,1473.443490685895,1468.0314960423857,1475.139395100996,1475.1789995119907,1472.098688269034,1476.1078242445365,1471.989756403491,1478.693810920231,21.748681554259,21.717833226915168,21.77900077291987,21.692865166690982,21.79789744720578,43.497363108518,43.435666453830336,43.55800154583974,43.385730333381964,43.59579489441156,0.8828125,0.8828125,0.8828125,0.8828125,0.8828125,16.165029525756836,16.165029525756836,16.165029525756836,16.165029525756836,16.165029525756836
qwen3_8b,needle_1000,1,64,128,8,214.4676335155964,213.5992266703397,214.77620699442923,213.24205328710377,215.01412172801793,216.4303839323111,216.1398318829015,216.8215751182288,215.12148953042924,217.66775432042778,4.663135288559687,4.6544981671243,4.680560042277685,4.649902425765761,4.690845010365645,9.326270577119374,9.3089963342486,9.36112008455537,9.299804851531523,9.38169002073129,0.875,0.875,0.875,0.875,0.875,15.381104946136475,15.381089687347412,15.381104946136475,15.381089687347412,15.381104946136475
qwen3_8b,needle_1000,8,64,128,8,1723.4652220504358,1720.0648987200111,1728.5312365274876,1719.1729943733662,1729.184536030516,1731.1731720808893,1724.0391419501975,1734.2269696528092,1722.5825120694935,1734.39650607761,4.6501568867707554,4.635967910264714,4.656391786678602,4.635111293481331,4.659953985426302,9.300313773541511,9.271935820529428,9.312783573357205,9.270222586962662,9.319907970852604,0.88671875,0.8828125,0.890625,0.8828125,0.890625,16.194809913635254,16.194809913635254,16.194809913635254,16.194809913635254,16.194809913635254
qwen3_8b,needle_1000,32,64,128,8,6820.045670378022,6808.376290136948,6825.442865723744,6792.099275626242,6827.774917939678,6826.837339787744,6821.7947327764705,6833.458458492532,6806.687898887321,6834.245574311353,4.692050899514003,4.688340468088709,4.700092744044899,4.6867391477597495,4.711356342336376,9.384101799028006,9.376680936177419,9.400185488089798,9.373478295519499,9.422712684672751,0.890625,0.8828125,0.890625,0.8828125,0.890625,18.979987144470215,18.979987144470215,18.979987144470215,18.979987144470215,18.979987144470215
qwen3_8b,needle_4000,1,64,128,8,758.7084468686953,757.5015330221504,759.7740786150098,757.2729643434286,760.4451039806008,763.4228304843418,759.9161310354248,764.4746563630179,758.762891148217,764.6044373279437,1.3171053819589875,1.3156689257864818,1.3198315208379756,1.3145891057227623,1.3204331461340493,2.634210763917975,2.6313378515729635,2.6396630416759512,2.6291782114455247,2.6408662922680985,0.8828125,0.8828125,0.8828125,0.8828125,0.8828125,15.666777610778809,15.666777610778809,15.666777610778809,15.666777610778809,15.666777610778809
qwen3_8b,needle_4000,8,64,128,8,7557.414707029238,7541.556334588677,7564.45031426847,7537.494919495657,7572.457897942513,7573.135408374947,7563.475162815303,7584.116752562113,7560.0565193919465,7585.171602643095,1.0588817293833603,1.0582467546386936,1.0609611131058354,1.0569420499727706,1.0612606476187425,2.1177634587667207,2.116493509277387,2.121922226211671,2.1138840999455413,2.122521295237485,0.875,0.875,0.875,0.875,0.8828125,18.579132556915283,18.579132556915283,18.579132556915283,18.579132556915283,18.579132556915283
qwen3_8b,needle_4000,32,64,128,8,29869.969418738037,29851.45044606179,29929.76405401714,29804.95407106355,29956.26197126694,29889.807273820043,29876.881082030013,29985.40343523491,29852.07998054102,29998.344308161177,1.0713104722272113,1.069169805089225,1.0719747121775673,1.0682240671647667,1.0736470159860954,2.1426209444544226,2.13833961017845,2.1439494243551347,2.1364481343295334,2.1472940319721907,0.875,0.875,0.8828125,0.875,0.8828125,28.51975393295288,28.51975393295288,28.51975393295288,28.51975393295288,28.51975393295288
