model,suite,track,reference,n,correct,accuracy,ci95_low,ci95_high,failures,macro_f1,brier,ece10,complete_n,complete_accuracy,shared_complete_n,shared_complete_accuracy
english,ag_news,semantic,dataset_provided,1000,943,0.943,0.929,0.957,0,0.942126805461307,0.09977601560667518,0.022057214870449073,1000,0.943,1000,0.943
english,emotion,semantic,dataset_provided,1000,591,0.591,0.559,0.62,0,0.5242667743591158,0.6976048479331549,0.3058597830218498,1000,0.591,1000,0.591
english,banking77,semantic,dataset_provided,1000,553,0.553,0.522,0.584,0,0.5347067471806871,0.7211418679086239,0.29367285134333154,1000,0.553,1000,0.553
english,boolq,semantic,dataset_provided,1000,846,0.846,0.824,0.869,0,0.831645414633293,0.24796479278,0.07402150000000002,1000,0.846,1000,0.846
english,boolq_choice,semantic,dataset_provided,1000,836,0.836,0.8139749999999999,0.859,0,0.8164981582681007,0.25026624458,0.0809433000000001,1000,0.836,1000,0.836
english,sst5,semantic,dataset_provided,1000,346,0.346,0.316,0.376,0,0.28596631644150394,0.8480208268580653,0.28791550367548546,1000,0.346,1000,0.346
english,sst5_choice,semantic,dataset_provided,1000,496,0.496,0.463,0.527,0,0.49592265868927826,0.6404634117402952,0.06569437437902857,1000,0.496,1000,0.496
english,xnli_en,semantic,dataset_provided,1000,860,0.86,0.838,0.881,0,0.8612128359093068,0.2210556183962445,0.05631994873616752,1000,0.86,1000,0.86
english,xnli_zh,semantic,dataset_provided,1000,615,0.615,0.585,0.6440249999999998,0,0.613352526147995,0.6053642566945371,0.2205833174002882,1000,0.615,1000,0.615
english,massive_en,semantic,dataset_provided,1000,541,0.541,0.51,0.571,0,0.45708868941123254,0.7677631282589168,0.33095183558127805,1000,0.541,1000,0.541
english,massive_zh,semantic,dataset_provided,1000,304,0.304,0.274,0.334,0,0.21218449175280965,1.187209345549809,0.552965999885358,1000,0.304,1000,0.304
english,prompt_injections,semantic,dataset_provided,116,82,0.7068965517241379,0.6293103448275862,0.7931034482758621,0,0.6858872252309652,0.5263519506896552,0.2703465517241379,116,0.7068965517241379,116,0.7068965517241379
english,typed_decisions,synthetic_workflow,synthetic_teacher,2000,727,0.3635,0.339,0.3880124999999999,0,,0.7495497205960792,0.17243086437704272,2000,0.3635,2000,0.3635
english,jevbench_original,authored_workflow,authored_or_AI_reviewed,72,51,0.7083333333333334,0.5833333333333334,0.8194444444444444,0,,0.44084532033278395,0.09291302525576914,72,0.7083333333333334,72,0.7083333333333334
english,jevbench_easy,authored_workflow,authored_or_AI_reviewed,48,46,0.9583333333333334,0.8958333333333334,1.0,0,,0.0675017833979849,0.056043150993285586,48,0.9583333333333334,48,0.9583333333333334
english,jevbench_hard,authored_workflow,authored_or_AI_reviewed,111,33,0.2972972972972973,0.2072072072072072,0.38738738738738737,0,,0.802474443364591,0.23698059782902225,111,0.2972972972972973,111,0.2972972972972973
english,reflexbench_reflex-public-choice-v1,authored_workflow,authored_or_AI_reviewed,95,56,0.5894736842105263,0.49473684210526314,0.6947368421052632,0,,0.5134814476823741,0.14418607466895547,95,0.5894736842105263,95,0.5894736842105263
english,jev_laya_triage,synthetic_workflow,synthetic_teacher,501,313,0.624750499001996,0.5828343313373253,0.6646706586826348,0,,0.5062829061536404,0.12913408627805828,501,0.624750499001996,501,0.624750499001996
english,jev_laya_moderation,synthetic_workflow,synthetic_teacher,426,289,0.6784037558685446,0.6197183098591549,0.7370892018779343,0,,0.40939341384623285,0.027302448679341392,426,0.6784037558685446,426,0.6784037558685446
english,jev_laya_routing,synthetic_workflow,synthetic_teacher,411,264,0.6423357664233577,0.5985401459854015,0.6909975669099757,0,,0.4645355026869979,0.06296795430755289,411,0.6423357664233577,411,0.6423357664233577
english,jev_laya_claims,synthetic_workflow,synthetic_teacher,300,270,0.9,0.8533333333333334,0.94,0,,0.15202621721998913,0.037699365959243614,300,0.9,300,0.9
english,jev_laya_reviews,synthetic_workflow,synthetic_teacher,300,212,0.7066666666666667,0.66,0.7533333333333333,0,,0.4420921048315161,0.09836446777766797,300,0.7066666666666667,300,0.7066666666666667
english,jev_laya_guard,synthetic_workflow,synthetic_teacher,292,177,0.6061643835616438,0.547945205479452,0.6643835616438356,0,,0.5144323110950454,0.1076120917537784,292,0.6061643835616438,292,0.6061643835616438
english,jev_laya_multilingual,synthetic_workflow,synthetic_teacher,256,148,0.578125,0.515625,0.64453125,0,,0.5599781570959319,0.13348823640645968,256,0.578125,256,0.578125
english,jev_laya_needle,synthetic_workflow,programmatic,900,452,0.5022222222222222,0.39775,0.61,0,,0.6215386250747392,0.1513075062342007,900,0.5022222222222222,900,0.5022222222222222
english,clinc150_oos,open_set,dataset_provided,5500,3065,0.5572727272727273,0.5441818181818182,0.5707272727272727,0,0.4761276549560309,0.811078664727856,0.38807660388219867,5500,0.5572727272727273,5500,0.5572727272727273
english,turtlebench,contextual_reasoning,dataset_provided,1532,653,0.4262402088772846,0.3874249981815236,0.4667154335804489,0,0.39563347617202776,0.8183440164501559,0.32318018682236976,1532,0.4262402088772846,1532,0.4262402088772846
english,aegis2_prompt,safety,human_prompt_annotation,1928,956,0.495850622406639,0.4729133456454121,0.5176170371724035,0,0.48175196208027526,0.6981264818257261,0.2848130705394191,1928,0.495850622406639,1928,0.495850622406639
english,banking77_repeat,order_robustness,dataset_provided,100,49,0.49,0.39,0.59,0,0.33651824366110084,0.7777851656903286,0.33762437862493877,100,0.49,100,0.49
english,banking77_reversed,order_robustness,dataset_provided,100,58,0.58,0.48,0.67,0,0.3646502127021607,0.7357700688812505,0.3308167008533907,100,0.58,100,0.58
english,massive_en_repeat,order_robustness,dataset_provided,100,54,0.54,0.44,0.6302499999999986,0,0.3538492063492063,0.7543842220707673,0.3300835603022313,100,0.54,100,0.54
english,massive_en_reversed,order_robustness,dataset_provided,100,52,0.52,0.42,0.62,0,0.31177794427794425,0.793954106954564,0.3601506961225804,100,0.52,100,0.52
english,jevbench_original_repeat,order_robustness,authored_or_AI_reviewed,36,22,0.6111111111111112,0.4166666666666667,0.8055555555555556,0,,0.5156022900669706,0.15989559885384486,36,0.6111111111111112,36,0.6111111111111112
english,jevbench_original_reversed,order_robustness,authored_or_AI_reviewed,36,21,0.5833333333333334,0.3888888888888889,0.75,0,,0.5855204032078274,0.20324885754968308,36,0.5833333333333334,36,0.5833333333333334
english,reflexbench_reflex-public-choice-v1_repeat,order_robustness,authored_or_AI_reviewed,95,56,0.5894736842105263,0.49473684210526314,0.6947368421052632,0,,0.5134814476823741,0.14418607466895547,95,0.5894736842105263,95,0.5894736842105263
english,reflexbench_reflex-public-choice-v1_reversed,order_robustness,authored_or_AI_reviewed,95,56,0.5894736842105263,0.49473684210526314,0.6947368421052632,0,,0.524277328660473,0.07243692088903238,95,0.5894736842105263,95,0.5894736842105263
multilingual,ag_news,semantic,dataset_provided,1000,924,0.924,0.908,0.94,0,0.9226183668117909,0.1238439818376008,0.0490401210073072,1000,0.924,1000,0.924
multilingual,emotion,semantic,dataset_provided,1000,530,0.53,0.497,0.559,0,0.44628932435763,0.7845266847999838,0.3338730948861937,1000,0.53,1000,0.53
multilingual,banking77,semantic,dataset_provided,1000,512,0.512,0.479,0.544,0,0.49463546802558095,0.8263619793805425,0.3537003378199981,1000,0.512,1000,0.512
multilingual,boolq,semantic,dataset_provided,1000,777,0.777,0.751,0.8020249999999999,0,0.7569829266883965,0.34797916143999996,0.13979659999999994,1000,0.777,1000,0.777
multilingual,boolq_choice,semantic,dataset_provided,1000,774,0.774,0.748,0.8,0,0.7440647946403092,0.34594262092,0.08583680000000002,1000,0.774,1000,0.774
multilingual,sst5,semantic,dataset_provided,1000,295,0.295,0.267,0.324,0,0.1983554727265872,1.1562093359933687,0.5135263271193942,1000,0.295,1000,0.295
multilingual,sst5_choice,semantic,dataset_provided,1000,356,0.356,0.326,0.384,0,0.3413981842829762,0.8471186703102789,0.2979546389909872,1000,0.356,1000,0.356
multilingual,xnli_en,semantic,dataset_provided,1000,817,0.817,0.795,0.839,0,0.8175301011827946,0.28753158091283115,0.11733564865219859,1000,0.817,1000,0.817
multilingual,xnli_zh,semantic,dataset_provided,1000,743,0.743,0.716,0.769,0,0.743052332466822,0.43750835932040794,0.17622948367529184,1000,0.743,1000,0.743
multilingual,massive_en,semantic,dataset_provided,1000,423,0.423,0.393,0.455,0,0.3558366819305315,0.8003003115363537,0.2657258147683802,1000,0.423,1000,0.423
multilingual,massive_zh,semantic,dataset_provided,1000,332,0.332,0.302975,0.361,0,0.24027327371925797,0.9338221109371293,0.30764021841474604,1000,0.332,1000,0.332
multilingual,prompt_injections,semantic,dataset_provided,116,67,0.5775862068965517,0.49137931034482757,0.6637931034482759,0,0.5297426987672706,0.720452932413793,0.36247241379310347,116,0.5775862068965517,116,0.5775862068965517
multilingual,typed_decisions,synthetic_workflow,synthetic_teacher,2000,698,0.349,0.3265,0.3725,0,,0.8907087597612967,0.31456831741150193,2000,0.349,2000,0.349
multilingual,jevbench_original,authored_workflow,authored_or_AI_reviewed,72,30,0.4166666666666667,0.2916666666666667,0.5416666666666666,0,,0.770546614659737,0.3780799180019797,72,0.4166666666666667,72,0.4166666666666667
multilingual,jevbench_easy,authored_workflow,authored_or_AI_reviewed,48,43,0.8958333333333334,0.7916666666666666,0.9791666666666666,0,,0.143999601553689,0.0567577169995773,48,0.8958333333333334,48,0.8958333333333334
multilingual,jevbench_hard,authored_workflow,authored_or_AI_reviewed,111,36,0.32432432432432434,0.24324324324324326,0.4144144144144144,0,,0.9840782310974676,0.3899063273840564,111,0.32432432432432434,111,0.32432432432432434
multilingual,reflexbench_reflex-public-choice-v1,authored_workflow,authored_or_AI_reviewed,95,44,0.4631578947368421,0.3684210526315789,0.5578947368421052,0,,0.6936394147407758,0.18637665729434555,95,0.4631578947368421,95,0.4631578947368421
multilingual,jev_laya_triage,synthetic_workflow,synthetic_teacher,501,279,0.5568862275449101,0.5169161676646706,0.5988023952095808,0,,0.6323290435971938,0.2071976093265091,501,0.5568862275449101,501,0.5568862275449101
multilingual,jev_laya_moderation,synthetic_workflow,synthetic_teacher,426,206,0.4835680751173709,0.43890845070422535,0.5305164319248826,0,,0.6707968805431868,0.23324756015992165,426,0.4835680751173709,426,0.4835680751173709
multilingual,jev_laya_routing,synthetic_workflow,synthetic_teacher,411,210,0.5109489051094891,0.45985401459854014,0.5620437956204379,0,,0.6007684542696418,0.171459843286819,411,0.5109489051094891,411,0.5109489051094891
multilingual,jev_laya_claims,synthetic_workflow,synthetic_teacher,300,240,0.8,0.74,0.8566666666666667,0,,0.32246951430801685,0.13304384467905828,300,0.8,300,0.8
multilingual,jev_laya_reviews,synthetic_workflow,synthetic_teacher,300,127,0.42333333333333334,0.36333333333333334,0.4834166666666662,0,,0.9217011813365127,0.4067767420494214,300,0.42333333333333334,300,0.42333333333333334
multilingual,jev_laya_guard,synthetic_workflow,synthetic_teacher,292,97,0.3321917808219178,0.2773972602739726,0.386986301369863,0,,1.0276950576545714,0.44127624533141646,292,0.3321917808219178,292,0.3321917808219178
multilingual,jev_laya_multilingual,synthetic_workflow,synthetic_teacher,256,160,0.625,0.5703125,0.68359375,0,,0.5440485928213079,0.21390390812007828,256,0.625,256,0.625
multilingual,jev_laya_needle,synthetic_workflow,programmatic,900,427,0.47444444444444445,0.3499722222222222,0.5988888888888889,0,,0.892307215761578,0.4233334476790732,900,0.47444444444444445,900,0.47444444444444445
multilingual,clinc150_oos,open_set,dataset_provided,5500,3562,0.6476363636363637,0.635090909090909,0.6596363636363637,0,0.6784512991247154,0.5975927760033614,0.2532064673140395,5500,0.6476363636363637,5500,0.6476363636363637
multilingual,turtlebench,contextual_reasoning,dataset_provided,1532,638,0.4164490861618799,0.3752712895551137,0.454170474774631,0,0.3785336140528101,0.8079543893018227,0.30437252797413844,1532,0.4164490861618799,1532,0.4164490861618799
multilingual,aegis2_prompt,safety,human_prompt_annotation,1928,1100,0.5705394190871369,0.547949826175318,0.5925349922239502,0,0.49444402219350914,0.6854856155809128,0.2926566390041494,1928,0.5705394190871369,1928,0.5705394190871369
multilingual,banking77_repeat,order_robustness,dataset_provided,100,44,0.44,0.35,0.54,0,0.2761304521808724,0.931185915088838,0.41134091671257605,100,0.44,100,0.44
multilingual,banking77_reversed,order_robustness,dataset_provided,100,44,0.44,0.34975,0.54,0,0.28620902906617185,1.0014091654446027,0.41563228855615214,100,0.44,100,0.44
multilingual,massive_en_repeat,order_robustness,dataset_provided,100,50,0.5,0.41,0.59,0,0.32064935064935063,0.6533127436964979,0.1640792461825042,100,0.5,100,0.5
multilingual,massive_en_reversed,order_robustness,dataset_provided,100,43,0.43,0.33,0.53,0,0.26133597883597887,0.7010871006008967,0.20048301879148744,100,0.43,100,0.43
multilingual,jevbench_original_repeat,order_robustness,authored_or_AI_reviewed,36,21,0.5833333333333334,0.4166666666666667,0.75,0,,0.6017657559805879,0.2720183199079054,36,0.5833333333333334,36,0.5833333333333334
multilingual,jevbench_original_reversed,order_robustness,authored_or_AI_reviewed,36,20,0.5555555555555556,0.3888888888888889,0.7222222222222222,0,,0.6467736179762524,0.24637691035426615,36,0.5555555555555556,36,0.5555555555555556
multilingual,reflexbench_reflex-public-choice-v1_repeat,order_robustness,authored_or_AI_reviewed,95,44,0.4631578947368421,0.3684210526315789,0.5578947368421052,0,,0.6936394147407758,0.18637665729434555,95,0.4631578947368421,95,0.4631578947368421
multilingual,reflexbench_reflex-public-choice-v1_reversed,order_robustness,authored_or_AI_reviewed,95,43,0.45263157894736844,0.35789473684210527,0.5578947368421052,0,,0.6858007539162141,0.20322648973991755,95,0.45263157894736844,95,0.45263157894736844
